Godot Engine v4.7.2.stable.official.ed1daf0bf - https://godotengine.org

[   0% ] [90m[1mfirst_scan_filesystem[22m | Started Project initialization (5 steps)[39m[0m
[   0% ] [90m[1mfirst_scan_filesystem[22m | Scanning file structure...[39m[0m
[  16% ] [90m[1mfirst_scan_filesystem[22m | Loading global class names...[39m[0m
[  33% ] [90m[1mfirst_scan_filesystem[22m | Verifying GDExtensions...[39m[0m
[  50% ] [90m[1mfirst_scan_filesystem[22m | Creating autoload scripts...[39m[0m
[  66% ] [90m[1mfirst_scan_filesystem[22m | Initializing plugins...[39m[0m
[  83% ] [90m[1mfirst_scan_filesystem[22m | Starting file scan...[39m[0m
[92m[ DONE ][39m [1mfirst_scan_filesystem[22m
[0m
[   0% ] [90m[1mupdate_scripts_classes[22m | Started Registering global classes... (531 steps)[39m[0m
[   0% ] [90m[1mupdate_scripts_classes[22m | [39m[0m
[   0% ] [90m[1mupdate_scripts_classes[22m | [39m[0m
[   0% ] [90m[1mupdate_scripts_classes[22m | [39m[0m
[   0% ] [90m[1mupdate_scripts_classes[22m | [39m[0m
[   0% ] [90m[1mupdate_scripts_classes[22m | [39m[0m
[   0% ] [90m[1mupdate_scripts_classes[22m | [39m[0m
[   1% ] [90m[1mupdate_scripts_classes[22m | [39m[0m
[   1% ] [90m[1mupdate_scripts_classes[22m | [39m[0m
[   1% ] [90m[1mupdate_scripts_classes[22m | [39m[0m
[   1% ] [90m[1mupdate_scripts_classes[22m | [39m[0m
[   1% ] [90m[1mupdate_scripts_classes[22m | [39m[0m
[   2% ] [90m[1mupdate_scripts_classes[22m | [39m[0m
[   2% ] [90m[1mupdate_scripts_classes[22m | [39m[0m
[   2% ] [90m[1mupdate_scripts_classes[22m | [39m[0m
[   2% ] [90m[1mupdate_scripts_classes[22m | [39m[0m
[   2% ] [90m[1mupdate_scripts_classes[22m | [39m[0m
[   3% ] [90m[1mupdate_scripts_classes[22m | [39m[0m
[   3% ] [90m[1mupdate_scripts_classes[22m | [39m[0m
[   3% ] [90m[1mupdate_scripts_classes[22m | [39m[0m
[   3% ] [90m[1mupdate_scripts_classes[22m | [39m[0m
[   3% ] [90m[1mupdate_scripts_classes[22m | [39m[0m
[   3% ] [90m[1mupdate_scripts_classes[22m | [39m[0m
[   4% ] [90m[1mupdate_scripts_classes[22m | [39m[0m
[   4% ] [90m[1mupdate_scripts_classes[22m | [39m[0m
[   4% ] [90m[1mupdate_scripts_classes[22m | [39m[0m
[   4% ] [90m[1mupdate_scripts_classes[22m | CollagePiece[39m[0m
[   4% ] [90m[1mupdate_scripts_classes[22m | [39m[0m
[   5% ] [90m[1mupdate_scripts_classes[22m | [39m[0m
[   5% ] [90m[1mupdate_scripts_classes[22m | [39m[0m
[   5% ] [90m[1mupdate_scripts_classes[22m | [39m[0m
[   5% ] [90m[1mupdate_scripts_classes[22m | [39m[0m
[   5% ] [90m[1mupdate_scripts_classes[22m | [39m[0m
[   6% ] [90m[1mupdate_scripts_classes[22m | [39m[0m
[   6% ] [90m[1mupdate_scripts_classes[22m | [39m[0m
[   6% ] [90m[1mupdate_scripts_classes[22m | [39m[0m
[   6% ] [90m[1mupdate_scripts_classes[22m | [39m[0m
[   6% ] [90m[1mupdate_scripts_classes[22m | [39m[0m
[   6% ] [90m[1mupdate_scripts_classes[22m | [39m[0m
[   7% ] [90m[1mupdate_scripts_classes[22m | [39m[0m
[   7% ] [90m[1mupdate_scripts_classes[22m | [39m[0m
[   7% ] [90m[1mupdate_scripts_classes[22m | [39m[0m
[   7% ] [90m[1mupdate_scripts_classes[22m | [39m[0m
[   7% ] [90m[1mupdate_scripts_classes[22m | [39m[0m
[   8% ] [90m[1mupdate_scripts_classes[22m | [39m[0m
[   8% ] [90m[1mupdate_scripts_classes[22m | [39m[0m
[   8% ] [90m[1mupdate_scripts_classes[22m | [39m[0m
[   8% ] [90m[1mupdate_scripts_classes[22m | [39m[0m
[   8% ] [90m[1mupdate_scripts_classes[22m | [39m[0m
[   9% ] [90m[1mupdate_scripts_classes[22m | [39m[0m
[   9% ] [90m[1mupdate_scripts_classes[22m | [39m[0m
[   9% ] [90m[1mupdate_scripts_classes[22m | [39m[0m
[   9% ] [90m[1mupdate_scripts_classes[22m | [39m[0m
[   9% ] [90m[1mupdate_scripts_classes[22m | [39m[0m
[   9% ] [90m[1mupdate_scripts_classes[22m | [39m[0m
[  10% ] [90m[1mupdate_scripts_classes[22m | [39m[0m
[  10% ] [90m[1mupdate_scripts_classes[22m | [39m[0m
[  10% ] [90m[1mupdate_scripts_classes[22m | [39m[0m
[  10% ] [90m[1mupdate_scripts_classes[22m | [39m[0m
[  10% ] [90m[1mupdate_scripts_classes[22m | [39m[0m
[  11% ] [90m[1mupdate_scripts_classes[22m | [39m[0m
[  11% ] [90m[1mupdate_scripts_classes[22m | [39m[0m
[  11% ] [90m[1mupdate_scripts_classes[22m | [39m[0m
[  11% ] [90m[1mupdate_scripts_classes[22m | [39m[0m
[  11% ] [90m[1mupdate_scripts_classes[22m | [39m[0m
[  12% ] [90m[1mupdate_scripts_classes[22m | [39m[0m
[  12% ] [90m[1mupdate_scripts_classes[22m | [39m[0m
[  12% ] [90m[1mupdate_scripts_classes[22m | [39m[0m
[  12% ] [90m[1mupdate_scripts_classes[22m | [39m[0m
[  12% ] [90m[1mupdate_scripts_classes[22m | [39m[0m
[  12% ] [90m[1mupdate_scripts_classes[22m | [39m[0m
[  13% ] [90m[1mupdate_scripts_classes[22m | [39m[0m
[  13% ] [90m[1mupdate_scripts_classes[22m | [39m[0m
[  13% ] [90m[1mupdate_scripts_classes[22m | [39m[0m
[  13% ] [90m[1mupdate_scripts_classes[22m | [39m[0m
[  13% ] [90m[1mupdate_scripts_classes[22m | [39m[0m
[  14% ] [90m[1mupdate_scripts_classes[22m | [39m[0m
[  14% ] [90m[1mupdate_scripts_classes[22m | [39m[0m
[  14% ] [90m[1mupdate_scripts_classes[22m | [39m[0m
[  14% ] [90m[1mupdate_scripts_classes[22m | [39m[0m
[  14% ] [90m[1mupdate_scripts_classes[22m | [39m[0m
[  15% ] [90m[1mupdate_scripts_classes[22m | [39m[0m
[  15% ] [90m[1mupdate_scripts_classes[22m | [39m[0m
[  15% ] [90m[1mupdate_scripts_classes[22m | [39m[0m
[  15% ] [90m[1mupdate_scripts_classes[22m | [39m[0m
[  15% ] [90m[1mupdate_scripts_classes[22m | [39m[0m
[  15% ] [90m[1mupdate_scripts_classes[22m | [39m[0m
[  16% ] [90m[1mupdate_scripts_classes[22m | [39m[0m
[  16% ] [90m[1mupdate_scripts_classes[22m | [39m[0m
[  16% ] [90m[1mupdate_scripts_classes[22m | [39m[0m
[  16% ] [90m[1mupdate_scripts_classes[22m | [39m[0m
[  16% ] [90m[1mupdate_scripts_classes[22m | [39m[0m
[  17% ] [90m[1mupdate_scripts_classes[22m | [39m[0m
[  17% ] [90m[1mupdate_scripts_classes[22m | [39m[0m
[  17% ] [90m[1mupdate_scripts_classes[22m | [39m[0m
[  17% ] [90m[1mupdate_scripts_classes[22m | [39m[0m
[  17% ] [90m[1mupdate_scripts_classes[22m | [39m[0m
[  18% ] [90m[1mupdate_scripts_classes[22m | [39m[0m
[  18% ] [90m[1mupdate_scripts_classes[22m | [39m[0m
[  18% ] [90m[1mupdate_scripts_classes[22m | [39m[0m
[  18% ] [90m[1mupdate_scripts_classes[22m | [39m[0m
[  18% ] [90m[1mupdate_scripts_classes[22m | [39m[0m
[  18% ] [90m[1mupdate_scripts_classes[22m | [39m[0m
[  19% ] [90m[1mupdate_scripts_classes[22m | ConstellationData[39m[0m
[  19% ] [90m[1mupdate_scripts_classes[22m | [39m[0m
[  19% ] [90m[1mupdate_scripts_classes[22m | ConstellationProjectionChecker[39m[0m
[  19% ] [90m[1mupdate_scripts_classes[22m | [39m[0m
[  19% ] [90m[1mupdate_scripts_classes[22m | [39m[0m
[  20% ] [90m[1mupdate_scripts_classes[22m | [39m[0m
[  20% ] [90m[1mupdate_scripts_classes[22m | [39m[0m
[  20% ] [90m[1mupdate_scripts_classes[22m | [39m[0m
[  20% ] [90m[1mupdate_scripts_classes[22m | [39m[0m
[  20% ] [90m[1mupdate_scripts_classes[22m | [39m[0m
[  21% ] [90m[1mupdate_scripts_classes[22m | [39m[0m
[  21% ] [90m[1mupdate_scripts_classes[22m | [39m[0m
[  21% ] [90m[1mupdate_scripts_classes[22m | [39m[0m
[  21% ] [90m[1mupdate_scripts_classes[22m | [39m[0m
[  21% ] [90m[1mupdate_scripts_classes[22m | [39m[0m
[  21% ] [90m[1mupdate_scripts_classes[22m | [39m[0m
[  22% ] [90m[1mupdate_scripts_classes[22m | [39m[0m
[  22% ] [90m[1mupdate_scripts_classes[22m | [39m[0m
[  22% ] [90m[1mupdate_scripts_classes[22m | [39m[0m
[  22% ] [90m[1mupdate_scripts_classes[22m | [39m[0m
[  22% ] [90m[1mupdate_scripts_classes[22m | [39m[0m
[  23% ] [90m[1mupdate_scripts_classes[22m | [39m[0m
[  23% ] [90m[1mupdate_scripts_classes[22m | [39m[0m
[  23% ] [90m[1mupdate_scripts_classes[22m | [39m[0m
[  23% ] [90m[1mupdate_scripts_classes[22m | [39m[0m
[  23% ] [90m[1mupdate_scripts_classes[22m | [39m[0m
[  24% ] [90m[1mupdate_scripts_classes[22m | [39m[0m
[  24% ] [90m[1mupdate_scripts_classes[22m | [39m[0m
[  24% ] [90m[1mupdate_scripts_classes[22m | [39m[0m
[  24% ] [90m[1mupdate_scripts_classes[22m | [39m[0m
[  24% ] [90m[1mupdate_scripts_classes[22m | [39m[0m
[  25% ] [90m[1mupdate_scripts_classes[22m | [39m[0m
[  25% ] [90m[1mupdate_scripts_classes[22m | [39m[0m
[  25% ] [90m[1mupdate_scripts_classes[22m | [39m[0m
[  25% ] [90m[1mupdate_scripts_classes[22m | [39m[0m
[  25% ] [90m[1mupdate_scripts_classes[22m | [39m[0m
[  25% ] [90m[1mupdate_scripts_classes[22m | [39m[0m
[  26% ] [90m[1mupdate_scripts_classes[22m | [39m[0m
[  26% ] [90m[1mupdate_scripts_classes[22m | [39m[0m
[  26% ] [90m[1mupdate_scripts_classes[22m | [39m[0m
[  26% ] [90m[1mupdate_scripts_classes[22m | [39m[0m
[  26% ] [90m[1mupdate_scripts_classes[22m | [39m[0m
[  27% ] [90m[1mupdate_scripts_classes[22m | [39m[0m
[  27% ] [90m[1mupdate_scripts_classes[22m | [39m[0m
[  27% ] [90m[1mupdate_scripts_classes[22m | [39m[0m
[  27% ] [90m[1mupdate_scripts_classes[22m | [39m[0m
[  27% ] [90m[1mupdate_scripts_classes[22m | [39m[0m
[  28% ] [90m[1mupdate_scripts_classes[22m | [39m[0m
[  28% ] [90m[1mupdate_scripts_classes[22m | [39m[0m
[  28% ] [90m[1mupdate_scripts_classes[22m | [39m[0m
[  28% ] [90m[1mupdate_scripts_classes[22m | [39m[0m
[  28% ] [90m[1mupdate_scripts_classes[22m | [39m[0m
[  28% ] [90m[1mupdate_scripts_classes[22m | [39m[0m
[  29% ] [90m[1mupdate_scripts_classes[22m | [39m[0m
[  29% ] [90m[1mupdate_scripts_classes[22m | [39m[0m
[  29% ] [90m[1mupdate_scripts_classes[22m | [39m[0m
[  29% ] [90m[1mupdate_scripts_classes[22m | [39m[0m
[  29% ] [90m[1mupdate_scripts_classes[22m | [39m[0m
[  30% ] [90m[1mupdate_scripts_classes[22m | [39m[0m
[  30% ] [90m[1mupdate_scripts_classes[22m | [39m[0m
[  30% ] [90m[1mupdate_scripts_classes[22m | [39m[0m
[  30% ] [90m[1mupdate_scripts_classes[22m | [39m[0m
[  30% ] [90m[1mupdate_scripts_classes[22m | [39m[0m
[  31% ] [90m[1mupdate_scripts_classes[22m | [39m[0m
[  31% ] [90m[1mupdate_scripts_classes[22m | [39m[0m
[  31% ] [90m[1mupdate_scripts_classes[22m | [39m[0m
[  31% ] [90m[1mupdate_scripts_classes[22m | [39m[0m
[  31% ] [90m[1mupdate_scripts_classes[22m | [39m[0m
[  31% ] [90m[1mupdate_scripts_classes[22m | [39m[0m
[  32% ] [90m[1mupdate_scripts_classes[22m | [39m[0m
[  32% ] [90m[1mupdate_scripts_classes[22m | [39m[0m
[  32% ] [90m[1mupdate_scripts_classes[22m | [39m[0m
[  32% ] [90m[1mupdate_scripts_classes[22m | [39m[0m
[  32% ] [90m[1mupdate_scripts_classes[22m | [39m[0m
[  33% ] [90m[1mupdate_scripts_classes[22m | [39m[0m
[  33% ] [90m[1mupdate_scripts_classes[22m | [39m[0m
[  33% ] [90m[1mupdate_scripts_classes[22m | [39m[0m
[  33% ] [90m[1mupdate_scripts_classes[22m | [39m[0m
[  33% ] [90m[1mupdate_scripts_classes[22m | [39m[0m
[  34% ] [90m[1mupdate_scripts_classes[22m | [39m[0m
[  34% ] [90m[1mupdate_scripts_classes[22m | [39m[0m
[  34% ] [90m[1mupdate_scripts_classes[22m | [39m[0m
[  34% ] [90m[1mupdate_scripts_classes[22m | [39m[0m
[  34% ] [90m[1mupdate_scripts_classes[22m | [39m[0m
[  34% ] [90m[1mupdate_scripts_classes[22m | [39m[0m
[  35% ] [90m[1mupdate_scripts_classes[22m | [39m[0m
[  35% ] [90m[1mupdate_scripts_classes[22m | [39m[0m
[  35% ] [90m[1mupdate_scripts_classes[22m | [39m[0m
[  35% ] [90m[1mupdate_scripts_classes[22m | [39m[0m
[  35% ] [90m[1mupdate_scripts_classes[22m | [39m[0m
[  36% ] [90m[1mupdate_scripts_classes[22m | [39m[0m
[  36% ] [90m[1mupdate_scripts_classes[22m | [39m[0m
[  36% ] [90m[1mupdate_scripts_classes[22m | [39m[0m
[  36% ] [90m[1mupdate_scripts_classes[22m | [39m[0m
[  36% ] [90m[1mupdate_scripts_classes[22m | [39m[0m
[  37% ] [90m[1mupdate_scripts_classes[22m | [39m[0m
[  37% ] [90m[1mupdate_scripts_classes[22m | [39m[0m
[  37% ] [90m[1mupdate_scripts_classes[22m | [39m[0m
[  37% ] [90m[1mupdate_scripts_classes[22m | [39m[0m
[  37% ] [90m[1mupdate_scripts_classes[22m | [39m[0m
[  37% ] [90m[1mupdate_scripts_classes[22m | [39m[0m
[  38% ] [90m[1mupdate_scripts_classes[22m | [39m[0m
[  38% ] [90m[1mupdate_scripts_classes[22m | EndingEchoResolver[39m[0m
[  38% ] [90m[1mupdate_scripts_classes[22m | [39m[0m
[  38% ] [90m[1mupdate_scripts_classes[22m | [39m[0m
[  38% ] [90m[1mupdate_scripts_classes[22m | [39m[0m
[  39% ] [90m[1mupdate_scripts_classes[22m | [39m[0m
[  39% ] [90m[1mupdate_scripts_classes[22m | [39m[0m
[  39% ] [90m[1mupdate_scripts_classes[22m | [39m[0m
[  39% ] [90m[1mupdate_scripts_classes[22m | [39m[0m
[  39% ] [90m[1mupdate_scripts_classes[22m | [39m[0m
[  40% ] [90m[1mupdate_scripts_classes[22m | [39m[0m
[  40% ] [90m[1mupdate_scripts_classes[22m | [39m[0m
[  40% ] [90m[1mupdate_scripts_classes[22m | [39m[0m
[  40% ] [90m[1mupdate_scripts_classes[22m | [39m[0m
[  40% ] [90m[1mupdate_scripts_classes[22m | [39m[0m
[  40% ] [90m[1mupdate_scripts_classes[22m | [39m[0m
[  41% ] [90m[1mupdate_scripts_classes[22m | [39m[0m
[  41% ] [90m[1mupdate_scripts_classes[22m | [39m[0m
[  41% ] [90m[1mupdate_scripts_classes[22m | [39m[0m
[  41% ] [90m[1mupdate_scripts_classes[22m | [39m[0m
[  41% ] [90m[1mupdate_scripts_classes[22m | [39m[0m
[  42% ] [90m[1mupdate_scripts_classes[22m | TarotCaseEngine[39m[0m
[  42% ] [90m[1mupdate_scripts_classes[22m | [39m[0m
[  42% ] [90m[1mupdate_scripts_classes[22m | [39m[0m
[  42% ] [90m[1mupdate_scripts_classes[22m | [39m[0m
[  42% ] [90m[1mupdate_scripts_classes[22m | [39m[0m
[  43% ] [90m[1mupdate_scripts_classes[22m | [39m[0m
[  43% ] [90m[1mupdate_scripts_classes[22m | [39m[0m
[  43% ] [90m[1mupdate_scripts_classes[22m | [39m[0m
[  43% ] [90m[1mupdate_scripts_classes[22m | [39m[0m
[  43% ] [90m[1mupdate_scripts_classes[22m | [39m[0m
[  43% ] [90m[1mupdate_scripts_classes[22m | [39m[0m
[  44% ] [90m[1mupdate_scripts_classes[22m | [39m[0m
[  44% ] [90m[1mupdate_scripts_classes[22m | [39m[0m
[  44% ] [90m[1mupdate_scripts_classes[22m | [39m[0m
[  44% ] [90m[1mupdate_scripts_classes[22m | [39m[0m
[  44% ] [90m[1mupdate_scripts_classes[22m | [39m[0m
[  45% ] [90m[1mupdate_scripts_classes[22m | [39m[0m
[  45% ] [90m[1mupdate_scripts_classes[22m | [39m[0m
[  45% ] [90m[1mupdate_scripts_classes[22m | [39m[0m
[  45% ] [90m[1mupdate_scripts_classes[22m | [39m[0m
[  45% ] [90m[1mupdate_scripts_classes[22m | [39m[0m
[  46% ] [90m[1mupdate_scripts_classes[22m | [39m[0m
[  46% ] [90m[1mupdate_scripts_classes[22m | [39m[0m
[  46% ] [90m[1mupdate_scripts_classes[22m | [39m[0m
[  46% ] [90m[1mupdate_scripts_classes[22m | [39m[0m
[  46% ] [90m[1mupdate_scripts_classes[22m | [39m[0m
[  46% ] [90m[1mupdate_scripts_classes[22m | [39m[0m
[  47% ] [90m[1mupdate_scripts_classes[22m | [39m[0m
[  47% ] [90m[1mupdate_scripts_classes[22m | [39m[0m
[  47% ] [90m[1mupdate_scripts_classes[22m | [39m[0m
[  47% ] [90m[1mupdate_scripts_classes[22m | [39m[0m
[  47% ] [90m[1mupdate_scripts_classes[22m | [39m[0m
[  48% ] [90m[1mupdate_scripts_classes[22m | [39m[0m
[  48% ] [90m[1mupdate_scripts_classes[22m | [39m[0m
[  48% ] [90m[1mupdate_scripts_classes[22m | [39m[0m
[  48% ] [90m[1mupdate_scripts_classes[22m | [39m[0m
[  48% ] [90m[1mupdate_scripts_classes[22m | [39m[0m
[  49% ] [90m[1mupdate_scripts_classes[22m | [39m[0m
[  49% ] [90m[1mupdate_scripts_classes[22m | [39m[0m
[  49% ] [90m[1mupdate_scripts_classes[22m | [39m[0m
[  49% ] [90m[1mupdate_scripts_classes[22m | [39m[0m
[  49% ] [90m[1mupdate_scripts_classes[22m | FieldRecorder[39m[0m
[  50% ] [90m[1mupdate_scripts_classes[22m | [39m[0m
[  50% ] [90m[1mupdate_scripts_classes[22m | [39m[0m
[  50% ] [90m[1mupdate_scripts_classes[22m | [39m[0m
[  50% ] [90m[1mupdate_scripts_classes[22m | [39m[0m
[  50% ] [90m[1mupdate_scripts_classes[22m | WaveformView[39m[0m
[  50% ] [90m[1mupdate_scripts_classes[22m | [39m[0m
[  51% ] [90m[1mupdate_scripts_classes[22m | [39m[0m
[  51% ] [90m[1mupdate_scripts_classes[22m | [39m[0m
[  51% ] [90m[1mupdate_scripts_classes[22m | PhotoLibrary[39m[0m
[  51% ] [90m[1mupdate_scripts_classes[22m | SampleStore[39m[0m
[  51% ] [90m[1mupdate_scripts_classes[22m | [39m[0m
[  52% ] [90m[1mupdate_scripts_classes[22m | LocalRecordLibrary[39m[0m
[  52% ] [90m[1mupdate_scripts_classes[22m | OnlineRecordLibrary[39m[0m
[  52% ] [90m[1mupdate_scripts_classes[22m | RecordLibraryBase[39m[0m
[  52% ] [90m[1mupdate_scripts_classes[22m | [39m[0m
[  52% ] [90m[1mupdate_scripts_classes[22m | [39m[0m
[  53% ] [90m[1mupdate_scripts_classes[22m | [39m[0m
[  53% ] [90m[1mupdate_scripts_classes[22m | [39m[0m
[  53% ] [90m[1mupdate_scripts_classes[22m | [39m[0m
[  53% ] [90m[1mupdate_scripts_classes[22m | [39m[0m
[  53% ] [90m[1mupdate_scripts_classes[22m | [39m[0m
[  53% ] [90m[1mupdate_scripts_classes[22m | Arrangement[39m[0m
[  54% ] [90m[1mupdate_scripts_classes[22m | [39m[0m
[  54% ] [90m[1mupdate_scripts_classes[22m | [39m[0m
[  54% ] [90m[1mupdate_scripts_classes[22m | [39m[0m
[  54% ] [90m[1mupdate_scripts_classes[22m | [39m[0m
[  54% ] [90m[1mupdate_scripts_classes[22m | [39m[0m
[  55% ] [90m[1mupdate_scripts_classes[22m | SoundTimeline[39m[0m
[  55% ] [90m[1mupdate_scripts_classes[22m | [39m[0m
[  55% ] [90m[1mupdate_scripts_classes[22m | [39m[0m
[  55% ] [90m[1mupdate_scripts_classes[22m | VisualCanvas[39m[0m
[  55% ] [90m[1mupdate_scripts_classes[22m | [39m[0m
[  56% ] [90m[1mupdate_scripts_classes[22m | [39m[0m
[  56% ] [90m[1mupdate_scripts_classes[22m | [39m[0m
[  56% ] [90m[1mupdate_scripts_classes[22m | [39m[0m
[  56% ] [90m[1mupdate_scripts_classes[22m | [39m[0m
[  56% ] [90m[1mupdate_scripts_classes[22m | [39m[0m
[  56% ] [90m[1mupdate_scripts_classes[22m | [39m[0m
[  57% ] [90m[1mupdate_scripts_classes[22m | [39m[0m
[  57% ] [90m[1mupdate_scripts_classes[22m | [39m[0m
[  57% ] [90m[1mupdate_scripts_classes[22m | [39m[0m
[  57% ] [90m[1mupdate_scripts_classes[22m | [39m[0m
[  57% ] [90m[1mupdate_scripts_classes[22m | [39m[0m
[  58% ] [90m[1mupdate_scripts_classes[22m | [39m[0m
[  58% ] [90m[1mupdate_scripts_classes[22m | [39m[0m
[  58% ] [90m[1mupdate_scripts_classes[22m | [39m[0m
[  58% ] [90m[1mupdate_scripts_classes[22m | [39m[0m
[  58% ] [90m[1mupdate_scripts_classes[22m | [39m[0m
[  59% ] [90m[1mupdate_scripts_classes[22m | [39m[0m
[  59% ] [90m[1mupdate_scripts_classes[22m | [39m[0m
[  59% ] [90m[1mupdate_scripts_classes[22m | [39m[0m
[  59% ] [90m[1mupdate_scripts_classes[22m | [39m[0m
[  59% ] [90m[1mupdate_scripts_classes[22m | [39m[0m
[  59% ] [90m[1mupdate_scripts_classes[22m | [39m[0m
[  60% ] [90m[1mupdate_scripts_classes[22m | [39m[0m
[  60% ] [90m[1mupdate_scripts_classes[22m | [39m[0m
[  60% ] [90m[1mupdate_scripts_classes[22m | [39m[0m
[  60% ] [90m[1mupdate_scripts_classes[22m | [39m[0m
[  60% ] [90m[1mupdate_scripts_classes[22m | [39m[0m
[  61% ] [90m[1mupdate_scripts_classes[22m | [39m[0m
[  61% ] [90m[1mupdate_scripts_classes[22m | [39m[0m
[  61% ] [90m[1mupdate_scripts_classes[22m | [39m[0m
[  61% ] [90m[1mupdate_scripts_classes[22m | [39m[0m
[  61% ] [90m[1mupdate_scripts_classes[22m | [39m[0m
[  62% ] [90m[1mupdate_scripts_classes[22m | [39m[0m
[  62% ] [90m[1mupdate_scripts_classes[22m | [39m[0m
[  62% ] [90m[1mupdate_scripts_classes[22m | [39m[0m
[  62% ] [90m[1mupdate_scripts_classes[22m | [39m[0m
[  62% ] [90m[1mupdate_scripts_classes[22m | [39m[0m
[  62% ] [90m[1mupdate_scripts_classes[22m | [39m[0m
[  63% ] [90m[1mupdate_scripts_classes[22m | [39m[0m
[  63% ] [90m[1mupdate_scripts_classes[22m | [39m[0m
[  63% ] [90m[1mupdate_scripts_classes[22m | [39m[0m
[  63% ] [90m[1mupdate_scripts_classes[22m | [39m[0m
[  63% ] [90m[1mupdate_scripts_classes[22m | [39m[0m
[  64% ] [90m[1mupdate_scripts_classes[22m | [39m[0m
[  64% ] [90m[1mupdate_scripts_classes[22m | [39m[0m
[  64% ] [90m[1mupdate_scripts_classes[22m | [39m[0m
[  64% ] [90m[1mupdate_scripts_classes[22m | [39m[0m
[  64% ] [90m[1mupdate_scripts_classes[22m | [39m[0m
[  65% ] [90m[1mupdate_scripts_classes[22m | [39m[0m
[  65% ] [90m[1mupdate_scripts_classes[22m | [39m[0m
[  65% ] [90m[1mupdate_scripts_classes[22m | [39m[0m
[  65% ] [90m[1mupdate_scripts_classes[22m | [39m[0m
[  65% ] [90m[1mupdate_scripts_classes[22m | [39m[0m
[  65% ] [90m[1mupdate_scripts_classes[22m | [39m[0m
[  66% ] [90m[1mupdate_scripts_classes[22m | [39m[0m
[  66% ] [90m[1mupdate_scripts_classes[22m | [39m[0m
[  66% ] [90m[1mupdate_scripts_classes[22m | [39m[0m
[  66% ] [90m[1mupdate_scripts_classes[22m | [39m[0m
[  66% ] [90m[1mupdate_scripts_classes[22m | [39m[0m
[  67% ] [90m[1mupdate_scripts_classes[22m | [39m[0m
[  67% ] [90m[1mupdate_scripts_classes[22m | [39m[0m
[  67% ] [90m[1mupdate_scripts_classes[22m | [39m[0m
[  67% ] [90m[1mupdate_scripts_classes[22m | [39m[0m
[  67% ] [90m[1mupdate_scripts_classes[22m | [39m[0m
[  68% ] [90m[1mupdate_scripts_classes[22m | [39m[0m
[  68% ] [90m[1mupdate_scripts_classes[22m | [39m[0m
[  68% ] [90m[1mupdate_scripts_classes[22m | [39m[0m
[  68% ] [90m[1mupdate_scripts_classes[22m | [39m[0m
[  68% ] [90m[1mupdate_scripts_classes[22m | [39m[0m
[  68% ] [90m[1mupdate_scripts_classes[22m | [39m[0m
[  69% ] [90m[1mupdate_scripts_classes[22m | [39m[0m
[  69% ] [90m[1mupdate_scripts_classes[22m | [39m[0m
[  69% ] [90m[1mupdate_scripts_classes[22m | [39m[0m
[  69% ] [90m[1mupdate_scripts_classes[22m | [39m[0m
[  69% ] [90m[1mupdate_scripts_classes[22m | [39m[0m
[  70% ] [90m[1mupdate_scripts_classes[22m | [39m[0m
[  70% ] [90m[1mupdate_scripts_classes[22m | [39m[0m
[  70% ] [90m[1mupdate_scripts_classes[22m | [39m[0m
[  70% ] [90m[1mupdate_scripts_classes[22m | [39m[0m
[  70% ] [90m[1mupdate_scripts_classes[22m | [39m[0m
[  71% ] [90m[1mupdate_scripts_classes[22m | [39m[0m
[  71% ] [90m[1mupdate_scripts_classes[22m | [39m[0m
[  71% ] [90m[1mupdate_scripts_classes[22m | [39m[0m
[  71% ] [90m[1mupdate_scripts_classes[22m | [39m[0m
[  71% ] [90m[1mupdate_scripts_classes[22m | [39m[0m
[  71% ] [90m[1mupdate_scripts_classes[22m | [39m[0m
[  72% ] [90m[1mupdate_scripts_classes[22m | [39m[0m
[  72% ] [90m[1mupdate_scripts_classes[22m | [39m[0m
[  72% ] [90m[1mupdate_scripts_classes[22m | [39m[0m
[  72% ] [90m[1mupdate_scripts_classes[22m | [39m[0m
[  72% ] [90m[1mupdate_scripts_classes[22m | TarotSigil[39m[0m
[  73% ] [90m[1mupdate_scripts_classes[22m | [39m[0m
[  73% ] [90m[1mupdate_scripts_classes[22m | [39m[0m
[  73% ] [90m[1mupdate_scripts_classes[22m | [39m[0m
[  73% ] [90m[1mupdate_scripts_classes[22m | [39m[0m
[  73% ] [90m[1mupdate_scripts_classes[22m | [39m[0m
[  74% ] [90m[1mupdate_scripts_classes[22m | [39m[0m
[  74% ] [90m[1mupdate_scripts_classes[22m | [39m[0m
[  74% ] [90m[1mupdate_scripts_classes[22m | [39m[0m
[  74% ] [90m[1mupdate_scripts_classes[22m | [39m[0m
[  74% ] [90m[1mupdate_scripts_classes[22m | [39m[0m
[  75% ] [90m[1mupdate_scripts_classes[22m | [39m[0m
[  75% ] [90m[1mupdate_scripts_classes[22m | [39m[0m
[  75% ] [90m[1mupdate_scripts_classes[22m | [39m[0m
[  75% ] [90m[1mupdate_scripts_classes[22m | [39m[0m
[  75% ] [90m[1mupdate_scripts_classes[22m | [39m[0m
[  75% ] [90m[1mupdate_scripts_classes[22m | [39m[0m
[  76% ] [90m[1mupdate_scripts_classes[22m | [39m[0m
[  76% ] [90m[1mupdate_scripts_classes[22m | [39m[0m
[  76% ] [90m[1mupdate_scripts_classes[22m | [39m[0m
[  76% ] [90m[1mupdate_scripts_classes[22m | [39m[0m
[  76% ] [90m[1mupdate_scripts_classes[22m | [39m[0m
[  77% ] [90m[1mupdate_scripts_classes[22m | [39m[0m
[  77% ] [90m[1mupdate_scripts_classes[22m | [39m[0m
[  77% ] [90m[1mupdate_scripts_classes[22m | [39m[0m
[  77% ] [90m[1mupdate_scripts_classes[22m | [39m[0m
[  77% ] [90m[1mupdate_scripts_classes[22m | [39m[0m
[  78% ] [90m[1mupdate_scripts_classes[22m | [39m[0m
[  78% ] [90m[1mupdate_scripts_classes[22m | [39m[0m
[  78% ] [90m[1mupdate_scripts_classes[22m | [39m[0m
[  78% ] [90m[1mupdate_scripts_classes[22m | [39m[0m
[  78% ] [90m[1mupdate_scripts_classes[22m | [39m[0m
[  78% ] [90m[1mupdate_scripts_classes[22m | [39m[0m
[  79% ] [90m[1mupdate_scripts_classes[22m | [39m[0m
[  79% ] [90m[1mupdate_scripts_classes[22m | [39m[0m
[  79% ] [90m[1mupdate_scripts_classes[22m | [39m[0m
[  79% ] [90m[1mupdate_scripts_classes[22m | [39m[0m
[  79% ] [90m[1mupdate_scripts_classes[22m | [39m[0m
[  80% ] [90m[1mupdate_scripts_classes[22m | [39m[0m
[  80% ] [90m[1mupdate_scripts_classes[22m | [39m[0m
[  80% ] [90m[1mupdate_scripts_classes[22m | [39m[0m
[  80% ] [90m[1mupdate_scripts_classes[22m | [39m[0m
[  80% ] [90m[1mupdate_scripts_classes[22m | [39m[0m
[  81% ] [90m[1mupdate_scripts_classes[22m | [39m[0m
[  81% ] [90m[1mupdate_scripts_classes[22m | [39m[0m
[  81% ] [90m[1mupdate_scripts_classes[22m | [39m[0m
[  81% ] [90m[1mupdate_scripts_classes[22m | [39m[0m
[  81% ] [90m[1mupdate_scripts_classes[22m | [39m[0m
[  81% ] [90m[1mupdate_scripts_classes[22m | [39m[0m
[  82% ] [90m[1mupdate_scripts_classes[22m | [39m[0m
[  82% ] [90m[1mupdate_scripts_classes[22m | [39m[0m
[  82% ] [90m[1mupdate_scripts_classes[22m | [39m[0m
[  82% ] [90m[1mupdate_scripts_classes[22m | [39m[0m
[  82% ] [90m[1mupdate_scripts_classes[22m | [39m[0m
[  83% ] [90m[1mupdate_scripts_classes[22m | [39m[0m
[  83% ] [90m[1mupdate_scripts_classes[22m | [39m[0m
[  83% ] [90m[1mupdate_scripts_classes[22m | [39m[0m
[  83% ] [90m[1mupdate_scripts_classes[22m | [39m[0m
[  83% ] [90m[1mupdate_scripts_classes[22m | [39m[0m
[  84% ] [90m[1mupdate_scripts_classes[22m | [39m[0m
[  84% ] [90m[1mupdate_scripts_classes[22m | [39m[0m
[  84% ] [90m[1mupdate_scripts_classes[22m | [39m[0m
[  84% ] [90m[1mupdate_scripts_classes[22m | [39m[0m
[  84% ] [90m[1mupdate_scripts_classes[22m | [39m[0m
[  84% ] [90m[1mupdate_scripts_classes[22m | [39m[0m
[  85% ] [90m[1mupdate_scripts_classes[22m | [39m[0m
[  85% ] [90m[1mupdate_scripts_classes[22m | [39m[0m
[  85% ] [90m[1mupdate_scripts_classes[22m | [39m[0m
[  85% ] [90m[1mupdate_scripts_classes[22m | [39m[0m
[  85% ] [90m[1mupdate_scripts_classes[22m | [39m[0m
[  86% ] [90m[1mupdate_scripts_classes[22m | [39m[0m
[  86% ] [90m[1mupdate_scripts_classes[22m | [39m[0m
[  86% ] [90m[1mupdate_scripts_classes[22m | [39m[0m
[  86% ] [90m[1mupdate_scripts_classes[22m | [39m[0m
[  86% ] [90m[1mupdate_scripts_classes[22m | [39m[0m
[  87% ] [90m[1mupdate_scripts_classes[22m | [39m[0m
[  87% ] [90m[1mupdate_scripts_classes[22m | [39m[0m
[  87% ] [90m[1mupdate_scripts_classes[22m | [39m[0m
[  87% ] [90m[1mupdate_scripts_classes[22m | [39m[0m
[  87% ] [90m[1mupdate_scripts_classes[22m | [39m[0m
[  87% ] [90m[1mupdate_scripts_classes[22m | [39m[0m
[  88% ] [90m[1mupdate_scripts_classes[22m | [39m[0m
[  88% ] [90m[1mupdate_scripts_classes[22m | [39m[0m
[  88% ] [90m[1mupdate_scripts_classes[22m | [39m[0m
[  88% ] [90m[1mupdate_scripts_classes[22m | [39m[0m
[  88% ] [90m[1mupdate_scripts_classes[22m | [39m[0m
[  89% ] [90m[1mupdate_scripts_classes[22m | [39m[0m
[  89% ] [90m[1mupdate_scripts_classes[22m | [39m[0m
[  89% ] [90m[1mupdate_scripts_classes[22m | [39m[0m
[  89% ] [90m[1mupdate_scripts_classes[22m | [39m[0m
[  89% ] [90m[1mupdate_scripts_classes[22m | [39m[0m
[  90% ] [90m[1mupdate_scripts_classes[22m | [39m[0m
[  90% ] [90m[1mupdate_scripts_classes[22m | [39m[0m
[  90% ] [90m[1mupdate_scripts_classes[22m | [39m[0m
[  90% ] [90m[1mupdate_scripts_classes[22m | [39m[0m
[  90% ] [90m[1mupdate_scripts_classes[22m | [39m[0m
[  90% ] [90m[1mupdate_scripts_classes[22m | [39m[0m
[  91% ] [90m[1mupdate_scripts_classes[22m | [39m[0m
[  91% ] [90m[1mupdate_scripts_classes[22m | [39m[0m
[  91% ] [90m[1mupdate_scripts_classes[22m | [39m[0m
[  91% ] [90m[1mupdate_scripts_classes[22m | [39m[0m
[  91% ] [90m[1mupdate_scripts_classes[22m | [39m[0m
[  92% ] [90m[1mupdate_scripts_classes[22m | [39m[0m
[  92% ] [90m[1mupdate_scripts_classes[22m | [39m[0m
[  92% ] [90m[1mupdate_scripts_classes[22m | [39m[0m
[  92% ] [90m[1mupdate_scripts_classes[22m | [39m[0m
[  92% ] [90m[1mupdate_scripts_classes[22m | [39m[0m
[  93% ] [90m[1mupdate_scripts_classes[22m | [39m[0m
[  93% ] [90m[1mupdate_scripts_classes[22m | [39m[0m
[  93% ] [90m[1mupdate_scripts_classes[22m | [39m[0m
[  93% ] [90m[1mupdate_scripts_classes[22m | [39m[0m
[  93% ] [90m[1mupdate_scripts_classes[22m | [39m[0m
[  93% ] [90m[1mupdate_scripts_classes[22m | [39m[0m
[  94% ] [90m[1mupdate_scripts_classes[22m | [39m[0m
[  94% ] [90m[1mupdate_scripts_classes[22m | [39m[0m
[  94% ] [90m[1mupdate_scripts_classes[22m | [39m[0m
[  94% ] [90m[1mupdate_scripts_classes[22m | [39m[0m
[  94% ] [90m[1mupdate_scripts_classes[22m | [39m[0m
[  95% ] [90m[1mupdate_scripts_classes[22m | [39m[0m
[  95% ] [90m[1mupdate_scripts_classes[22m | [39m[0m
[  95% ] [90m[1mupdate_scripts_classes[22m | [39m[0m
[  95% ] [90m[1mupdate_scripts_classes[22m | [39m[0m
[  95% ] [90m[1mupdate_scripts_classes[22m | [39m[0m
[  96% ] [90m[1mupdate_scripts_classes[22m | [39m[0m
[  96% ] [90m[1mupdate_scripts_classes[22m | [39m[0m
[  96% ] [90m[1mupdate_scripts_classes[22m | [39m[0m
[  96% ] [90m[1mupdate_scripts_classes[22m | [39m[0m
[  96% ] [90m[1mupdate_scripts_classes[22m | [39m[0m
[  96% ] [90m[1mupdate_scripts_classes[22m | [39m[0m
[  97% ] [90m[1mupdate_scripts_classes[22m | [39m[0m
[  97% ] [90m[1mupdate_scripts_classes[22m | [39m[0m
[  97% ] [90m[1mupdate_scripts_classes[22m | [39m[0m
[  97% ] [90m[1mupdate_scripts_classes[22m | [39m[0m
[  97% ] [90m[1mupdate_scripts_classes[22m | [39m[0m
[  98% ] [90m[1mupdate_scripts_classes[22m | [39m[0m
[  98% ] [90m[1mupdate_scripts_classes[22m | [39m[0m
[  98% ] [90m[1mupdate_scripts_classes[22m | [39m[0m
[  98% ] [90m[1mupdate_scripts_classes[22m | [39m[0m
[  98% ] [90m[1mupdate_scripts_classes[22m | [39m[0m
[  99% ] [90m[1mupdate_scripts_classes[22m | [39m[0m
[  99% ] [90m[1mupdate_scripts_classes[22m | [39m[0m
[  99% ] [90m[1mupdate_scripts_classes[22m | [39m[0m
[  99% ] [90m[1mupdate_scripts_classes[22m | [39m[0m
[92m[ DONE ][39m [1mupdate_scripts_classes[22m
[0m
[   0% ] [90m[1m_update_scan_actions[22m | Started Scanning actions... (1096 steps)[39m[0m
[   0% ] [90m[1m_update_scan_actions[22m | user_reference.jpg[39m[0m
[   0% ] [90m[1m_update_scan_actions[22m | step_00.png[39m[0m
[   0% ] [90m[1m_update_scan_actions[22m | step_00_colored.png[39m[0m
[   0% ] [90m[1m_update_scan_actions[22m | step_01.png[39m[0m
[   0% ] [90m[1m_update_scan_actions[22m | step_01_colored.png[39m[0m
[   0% ] [90m[1m_update_scan_actions[22m | step_02.png[39m[0m
[   0% ] [90m[1m_update_scan_actions[22m | step_02_colored.png[39m[0m
[   0% ] [90m[1m_update_scan_actions[22m | step_03.png[39m[0m
[   0% ] [90m[1m_update_scan_actions[22m | step_03_colored.png[39m[0m
[   0% ] [90m[1m_update_scan_actions[22m | library_letter_revision_v01.png[39m[0m
[   0% ] [90m[1m_update_scan_actions[22m | night_market_restaurant_shift_v01.png[39m[0m
[   1% ] [90m[1m_update_scan_actions[22m | old_station_long_evening_v01.png[39m[0m
[   1% ] [90m[1m_update_scan_actions[22m | print_shop_morning_v01.png[39m[0m
[   1% ] [90m[1m_update_scan_actions[22m | record_store_rain_session_v01.png[39m[0m
[   1% ] [90m[1m_update_scan_actions[22m | A0.glb[39m[0m
[   1% ] [90m[1m_update_scan_actions[22m | A1.glb[39m[0m
[   1% ] [90m[1m_update_scan_actions[22m | A1.svg[39m[0m
[   1% ] [90m[1m_update_scan_actions[22m | A1.wav[39m[0m
[   1% ] [90m[1m_update_scan_actions[22m | A2.glb[39m[0m
[   1% ] [90m[1m_update_scan_actions[22m | A2.svg[39m[0m
[   1% ] [90m[1m_update_scan_actions[22m | A2.wav[39m[0m
[   1% ] [90m[1m_update_scan_actions[22m | A3.glb[39m[0m
[   2% ] [90m[1m_update_scan_actions[22m | A3.svg[39m[0m
[   2% ] [90m[1m_update_scan_actions[22m | A3.wav[39m[0m
[   2% ] [90m[1m_update_scan_actions[22m | A4.glb[39m[0m
[   2% ] [90m[1m_update_scan_actions[22m | A4.svg[39m[0m
[   2% ] [90m[1m_update_scan_actions[22m | A4.wav[39m[0m
[   2% ] [90m[1m_update_scan_actions[22m | A5.glb[39m[0m
[   2% ] [90m[1m_update_scan_actions[22m | A5.svg[39m[0m
[   2% ] [90m[1m_update_scan_actions[22m | A5.wav[39m[0m
[   2% ] [90m[1m_update_scan_actions[22m | A6.glb[39m[0m
[   2% ] [90m[1m_update_scan_actions[22m | A6.svg[39m[0m
[   2% ] [90m[1m_update_scan_actions[22m | A6.wav[39m[0m
[   3% ] [90m[1m_update_scan_actions[22m | A7.glb[39m[0m
[   3% ] [90m[1m_update_scan_actions[22m | A7.svg[39m[0m
[   3% ] [90m[1m_update_scan_actions[22m | A7.wav[39m[0m
[   3% ] [90m[1m_update_scan_actions[22m | B0.glb[39m[0m
[   3% ] [90m[1m_update_scan_actions[22m | B1.glb[39m[0m
[   3% ] [90m[1m_update_scan_actions[22m | B1.svg[39m[0m
[   3% ] [90m[1m_update_scan_actions[22m | B1.wav[39m[0m
[   3% ] [90m[1m_update_scan_actions[22m | B2.glb[39m[0m
[   3% ] [90m[1m_update_scan_actions[22m | B2.svg[39m[0m
[   3% ] [90m[1m_update_scan_actions[22m | B2.wav[39m[0m
[   3% ] [90m[1m_update_scan_actions[22m | B3.glb[39m[0m
[   4% ] [90m[1m_update_scan_actions[22m | B3.svg[39m[0m
[   4% ] [90m[1m_update_scan_actions[22m | B3.wav[39m[0m
[   4% ] [90m[1m_update_scan_actions[22m | B4.glb[39m[0m
[   4% ] [90m[1m_update_scan_actions[22m | B4.svg[39m[0m
[   4% ] [90m[1m_update_scan_actions[22m | B4.wav[39m[0m
[   4% ] [90m[1m_update_scan_actions[22m | B5.glb[39m[0m
[   4% ] [90m[1m_update_scan_actions[22m | B5.svg[39m[0m
[   4% ] [90m[1m_update_scan_actions[22m | B5.wav[39m[0m
[   4% ] [90m[1m_update_scan_actions[22m | B6.glb[39m[0m
[   4% ] [90m[1m_update_scan_actions[22m | B6.svg[39m[0m
[   4% ] [90m[1m_update_scan_actions[22m | B6.wav[39m[0m
[   5% ] [90m[1m_update_scan_actions[22m | B7.glb[39m[0m
[   5% ] [90m[1m_update_scan_actions[22m | B7.svg[39m[0m
[   5% ] [90m[1m_update_scan_actions[22m | B7.wav[39m[0m
[   5% ] [90m[1m_update_scan_actions[22m | audio-lines.svg[39m[0m
[   5% ] [90m[1m_update_scan_actions[22m | cassette-tape.svg[39m[0m
[   5% ] [90m[1m_update_scan_actions[22m | map-pin.svg[39m[0m
[   5% ] [90m[1m_update_scan_actions[22m | mic.svg[39m[0m
[   5% ] [90m[1m_update_scan_actions[22m | play.svg[39m[0m
[   5% ] [90m[1m_update_scan_actions[22m | scissors.svg[39m[0m
[   5% ] [90m[1m_update_scan_actions[22m | character-direction-warm-v2.png[39m[0m
[   5% ] [90m[1m_update_scan_actions[22m | character-direction.png[39m[0m
[   6% ] [90m[1m_update_scan_actions[22m | town-direction-warm-v2.png[39m[0m
[   6% ] [90m[1m_update_scan_actions[22m | town-direction.png[39m[0m
[   6% ] [90m[1m_update_scan_actions[22m | town-props-warm-concept-v2.png[39m[0m
[   6% ] [90m[1m_update_scan_actions[22m | workbench-direction-warm-v2.png[39m[0m
[   6% ] [90m[1m_update_scan_actions[22m | workbench-direction.png[39m[0m
[   6% ] [90m[1m_update_scan_actions[22m | 01.jpg[39m[0m
[   6% ] [90m[1m_update_scan_actions[22m | 02.jpg[39m[0m
[   6% ] [90m[1m_update_scan_actions[22m | 03.jpg[39m[0m
[   6% ] [90m[1m_update_scan_actions[22m | 04.jpg[39m[0m
[   6% ] [90m[1m_update_scan_actions[22m | 05.jpg[39m[0m
[   6% ] [90m[1m_update_scan_actions[22m | 06.jpg[39m[0m
[   7% ] [90m[1m_update_scan_actions[22m | 07.jpg[39m[0m
[   7% ] [90m[1m_update_scan_actions[22m | 08.jpg[39m[0m
[   7% ] [90m[1m_update_scan_actions[22m | 09.jpg[39m[0m
[   7% ] [90m[1m_update_scan_actions[22m | 10.jpg[39m[0m
[   7% ] [90m[1m_update_scan_actions[22m | 11.jpg[39m[0m
[   7% ] [90m[1m_update_scan_actions[22m | 12.jpg[39m[0m
[   7% ] [90m[1m_update_scan_actions[22m | 13.jpg[39m[0m
[   7% ] [90m[1m_update_scan_actions[22m | 14.jpg[39m[0m
[   7% ] [90m[1m_update_scan_actions[22m | 15.jpg[39m[0m
[   7% ] [90m[1m_update_scan_actions[22m | 16.jpg[39m[0m
[   7% ] [90m[1m_update_scan_actions[22m | 17.jpg[39m[0m
[   8% ] [90m[1m_update_scan_actions[22m | 18.jpg[39m[0m
[   8% ] [90m[1m_update_scan_actions[22m | 19.jpg[39m[0m
[   8% ] [90m[1m_update_scan_actions[22m | 20.jpg[39m[0m
[   8% ] [90m[1m_update_scan_actions[22m | 21.jpg[39m[0m
[   8% ] [90m[1m_update_scan_actions[22m | 22.jpg[39m[0m
[   8% ] [90m[1m_update_scan_actions[22m | 23.jpg[39m[0m
[   8% ] [90m[1m_update_scan_actions[22m | 24.jpg[39m[0m
[   8% ] [90m[1m_update_scan_actions[22m | 25.jpg[39m[0m
[   8% ] [90m[1m_update_scan_actions[22m | 26.jpg[39m[0m
[   8% ] [90m[1m_update_scan_actions[22m | 27.jpg[39m[0m
[   8% ] [90m[1m_update_scan_actions[22m | 28.jpg[39m[0m
[   9% ] [90m[1m_update_scan_actions[22m | 29.jpg[39m[0m
[   9% ] [90m[1m_update_scan_actions[22m | 30.jpg[39m[0m
[   9% ] [90m[1m_update_scan_actions[22m | 31.jpg[39m[0m
[   9% ] [90m[1m_update_scan_actions[22m | 32.jpg[39m[0m
[   9% ] [90m[1m_update_scan_actions[22m | 33.jpg[39m[0m
[   9% ] [90m[1m_update_scan_actions[22m | 34.jpg[39m[0m
[   9% ] [90m[1m_update_scan_actions[22m | 35.jpg[39m[0m
[   9% ] [90m[1m_update_scan_actions[22m | 36.jpg[39m[0m
[   9% ] [90m[1m_update_scan_actions[22m | 37.jpg[39m[0m
[   9% ] [90m[1m_update_scan_actions[22m | 38.jpg[39m[0m
[   9% ] [90m[1m_update_scan_actions[22m | 39.jpg[39m[0m
[  10% ] [90m[1m_update_scan_actions[22m | 40.jpg[39m[0m
[  10% ] [90m[1m_update_scan_actions[22m | 41.jpg[39m[0m
[  10% ] [90m[1m_update_scan_actions[22m | 42.jpg[39m[0m
[  10% ] [90m[1m_update_scan_actions[22m | 43.jpg[39m[0m
[  10% ] [90m[1m_update_scan_actions[22m | 44.jpg[39m[0m
[  10% ] [90m[1m_update_scan_actions[22m | 45.jpg[39m[0m
[  10% ] [90m[1m_update_scan_actions[22m | 46.jpg[39m[0m
[  10% ] [90m[1m_update_scan_actions[22m | 47.jpg[39m[0m
[  10% ] [90m[1m_update_scan_actions[22m | 48.jpg[39m[0m
[  10% ] [90m[1m_update_scan_actions[22m | 49.jpg[39m[0m
[  10% ] [90m[1m_update_scan_actions[22m | 50.jpg[39m[0m
[  11% ] [90m[1m_update_scan_actions[22m | 51.jpg[39m[0m
[  11% ] [90m[1m_update_scan_actions[22m | 52.jpg[39m[0m
[  11% ] [90m[1m_update_scan_actions[22m | 53.jpg[39m[0m
[  11% ] [90m[1m_update_scan_actions[22m | 54.jpg[39m[0m
[  11% ] [90m[1m_update_scan_actions[22m | 55.jpg[39m[0m
[  11% ] [90m[1m_update_scan_actions[22m | 56.jpg[39m[0m
[  11% ] [90m[1m_update_scan_actions[22m | 57.jpg[39m[0m
[  11% ] [90m[1m_update_scan_actions[22m | 58.jpg[39m[0m
[  11% ] [90m[1m_update_scan_actions[22m | 59.jpg[39m[0m
[  11% ] [90m[1m_update_scan_actions[22m | 60.jpg[39m[0m
[  11% ] [90m[1m_update_scan_actions[22m | 61.jpg[39m[0m
[  12% ] [90m[1m_update_scan_actions[22m | 62.jpg[39m[0m
[  12% ] [90m[1m_update_scan_actions[22m | 63.jpg[39m[0m
[  12% ] [90m[1m_update_scan_actions[22m | 64.jpg[39m[0m
[  12% ] [90m[1m_update_scan_actions[22m | 65.jpg[39m[0m
[  12% ] [90m[1m_update_scan_actions[22m | 66.jpg[39m[0m
[  12% ] [90m[1m_update_scan_actions[22m | 67.jpg[39m[0m
[  12% ] [90m[1m_update_scan_actions[22m | 68.jpg[39m[0m
[  12% ] [90m[1m_update_scan_actions[22m | 69.jpg[39m[0m
[  12% ] [90m[1m_update_scan_actions[22m | 70.jpg[39m[0m
[  12% ] [90m[1m_update_scan_actions[22m | 71.jpg[39m[0m
[  12% ] [90m[1m_update_scan_actions[22m | 72.jpg[39m[0m
[  13% ] [90m[1m_update_scan_actions[22m | 73.jpg[39m[0m
[  13% ] [90m[1m_update_scan_actions[22m | 74.jpg[39m[0m
[  13% ] [90m[1m_update_scan_actions[22m | 75.jpg[39m[0m
[  13% ] [90m[1m_update_scan_actions[22m | 76.jpg[39m[0m
[  13% ] [90m[1m_update_scan_actions[22m | 77.jpg[39m[0m
[  13% ] [90m[1m_update_scan_actions[22m | 78.jpg[39m[0m
[  13% ] [90m[1m_update_scan_actions[22m | 79.jpg[39m[0m
[  13% ] [90m[1m_update_scan_actions[22m | 80.jpg[39m[0m
[  13% ] [90m[1m_update_scan_actions[22m | 81.jpg[39m[0m
[  13% ] [90m[1m_update_scan_actions[22m | 82.jpg[39m[0m
[  13% ] [90m[1m_update_scan_actions[22m | 83.jpg[39m[0m
[  14% ] [90m[1m_update_scan_actions[22m | 84.jpg[39m[0m
[  14% ] [90m[1m_update_scan_actions[22m | 85.jpg[39m[0m
[  14% ] [90m[1m_update_scan_actions[22m | 86.jpg[39m[0m
[  14% ] [90m[1m_update_scan_actions[22m | 87.jpg[39m[0m
[  14% ] [90m[1m_update_scan_actions[22m | 88.jpg[39m[0m
[  14% ] [90m[1m_update_scan_actions[22m | 89.jpg[39m[0m
[  14% ] [90m[1m_update_scan_actions[22m | 90.jpg[39m[0m
[  14% ] [90m[1m_update_scan_actions[22m | 91.jpg[39m[0m
[  14% ] [90m[1m_update_scan_actions[22m | 92.jpg[39m[0m
[  14% ] [90m[1m_update_scan_actions[22m | 93.jpg[39m[0m
[  14% ] [90m[1m_update_scan_actions[22m | 94.jpg[39m[0m
[  15% ] [90m[1m_update_scan_actions[22m | 95.jpg[39m[0m
[  15% ] [90m[1m_update_scan_actions[22m | 96.jpg[39m[0m
[  15% ] [90m[1m_update_scan_actions[22m | 97.jpg[39m[0m
[  15% ] [90m[1m_update_scan_actions[22m | 98.jpg[39m[0m
[  15% ] [90m[1m_update_scan_actions[22m | 99.jpg[39m[0m
[  15% ] [90m[1m_update_scan_actions[22m | coast_dusk.png[39m[0m
[  15% ] [90m[1m_update_scan_actions[22m | coast_night.png[39m[0m
[  15% ] [90m[1m_update_scan_actions[22m | coast_rain.png[39m[0m
[  15% ] [90m[1m_update_scan_actions[22m | bird.ogg[39m[0m
[  15% ] [90m[1m_update_scan_actions[22m | card.png[39m[0m
[  15% ] [90m[1m_update_scan_actions[22m | fire.wav[39m[0m
[  16% ] [90m[1m_update_scan_actions[22m | metal.ogg[39m[0m
[  16% ] [90m[1m_update_scan_actions[22m | panel.png[39m[0m
[  16% ] [90m[1m_update_scan_actions[22m | paper.ogg[39m[0m
[  16% ] [90m[1m_update_scan_actions[22m | rain.ogg[39m[0m
[  16% ] [90m[1m_update_scan_actions[22m | shop_lofi.ogg[39m[0m
[  16% ] [90m[1m_update_scan_actions[22m | water.wav[39m[0m
[  16% ] [90m[1m_update_scan_actions[22m | wind.wav[39m[0m
[  16% ] [90m[1m_update_scan_actions[22m | wood.ogg[39m[0m
[  16% ] [90m[1m_update_scan_actions[22m | Xiaolai-Regular.ttf[39m[0m
[  16% ] [90m[1m_update_scan_actions[22m | archive_sheet.png[39m[0m
[  16% ] [90m[1m_update_scan_actions[22m | basket.png[39m[0m
[  17% ] [90m[1m_update_scan_actions[22m | blue_stamp.png[39m[0m
[  17% ] [90m[1m_update_scan_actions[22m | bread.png[39m[0m
[  17% ] [90m[1m_update_scan_actions[22m | cheese.png[39m[0m
[  17% ] [90m[1m_update_scan_actions[22m | crates.png[39m[0m
[  17% ] [90m[1m_update_scan_actions[22m | crooked_cup.png[39m[0m
[  17% ] [90m[1m_update_scan_actions[22m | fishing_sea.jpg[39m[0m
[  17% ] [90m[1m_update_scan_actions[22m | float.png[39m[0m
[  17% ] [90m[1m_update_scan_actions[22m | herbs.png[39m[0m
[  17% ] [90m[1m_update_scan_actions[22m | hotel_307_tag.png[39m[0m
[  17% ] [90m[1m_update_scan_actions[22m | lemon.png[39m[0m
[  17% ] [90m[1m_update_scan_actions[22m | matches.png[39m[0m
[  18% ] [90m[1m_update_scan_actions[22m | misprint_postcard.png[39m[0m
[  18% ] [90m[1m_update_scan_actions[22m | photo_mat.png[39m[0m
[  18% ] [90m[1m_update_scan_actions[22m | receipt.png[39m[0m
[  18% ] [90m[1m_update_scan_actions[22m | recipe_book.png[39m[0m
[  18% ] [90m[1m_update_scan_actions[22m | rod.png[39m[0m
[  18% ] [90m[1m_update_scan_actions[22m | rod_clean.png[39m[0m
[  18% ] [90m[1m_update_scan_actions[22m | sardine.png[39m[0m
[  18% ] [90m[1m_update_scan_actions[22m | sea_beans.png[39m[0m
[  18% ] [90m[1m_update_scan_actions[22m | sea_bream.png[39m[0m
[  18% ] [90m[1m_update_scan_actions[22m | shelf.png[39m[0m
[  18% ] [90m[1m_update_scan_actions[22m | soap.png[39m[0m
[  19% ] [90m[1m_update_scan_actions[22m | star_salt.png[39m[0m
[  19% ] [90m[1m_update_scan_actions[22m | tackle_mat.png[39m[0m
[  19% ] [90m[1m_update_scan_actions[22m | tag.png[39m[0m
[  19% ] [90m[1m_update_scan_actions[22m | tape_workstation.png[39m[0m
[  19% ] [90m[1m_update_scan_actions[22m | ticket_bundle.png[39m[0m
[  19% ] [90m[1m_update_scan_actions[22m | tomato.png[39m[0m
[  19% ] [90m[1m_update_scan_actions[22m | tote.png[39m[0m
[  19% ] [90m[1m_update_scan_actions[22m | wayfinding_sign.png[39m[0m
[  19% ] [90m[1m_update_scan_actions[22m | window_frame.png[39m[0m
[  19% ] [90m[1m_update_scan_actions[22m | worktop.png[39m[0m
[  19% ] [90m[1m_update_scan_actions[22m | enamel_pan.png[39m[0m
[  20% ] [90m[1m_update_scan_actions[22m | prepared_common_atlas.png[39m[0m
[  20% ] [90m[1m_update_scan_actions[22m | prepared_peppers_atlas.png[39m[0m
[  20% ] [90m[1m_update_scan_actions[22m | alarm_clock.png[39m[0m
[  20% ] [90m[1m_update_scan_actions[22m | beet.png[39m[0m
[  20% ] [90m[1m_update_scan_actions[22m | bell_pepper_bronze.png[39m[0m
[  20% ] [90m[1m_update_scan_actions[22m | bell_pepper_dark.png[39m[0m
[  20% ] [90m[1m_update_scan_actions[22m | bell_pepper_green.png[39m[0m
[  20% ] [90m[1m_update_scan_actions[22m | bell_pepper_orange.png[39m[0m
[  20% ] [90m[1m_update_scan_actions[22m | bell_pepper_purple.png[39m[0m
[  20% ] [90m[1m_update_scan_actions[22m | bell_pepper_red.png[39m[0m
[  20% ] [90m[1m_update_scan_actions[22m | bell_pepper_white.png[39m[0m
[  21% ] [90m[1m_update_scan_actions[22m | bell_pepper_yellow.png[39m[0m
[  21% ] [90m[1m_update_scan_actions[22m | carrot.png[39m[0m
[  21% ] [90m[1m_update_scan_actions[22m | confetti.png[39m[0m
[  21% ] [90m[1m_update_scan_actions[22m | cooking_oil.png[39m[0m
[  21% ] [90m[1m_update_scan_actions[22m | dentures.png[39m[0m
[  21% ] [90m[1m_update_scan_actions[22m | eggplant.png[39m[0m
[  21% ] [90m[1m_update_scan_actions[22m | eraser.png[39m[0m
[  21% ] [90m[1m_update_scan_actions[22m | ketchup.png[39m[0m
[  21% ] [90m[1m_update_scan_actions[22m | mushrooms.png[39m[0m
[  21% ] [90m[1m_update_scan_actions[22m | pepper_grinder.png[39m[0m
[  21% ] [90m[1m_update_scan_actions[22m | potato.png[39m[0m
[  22% ] [90m[1m_update_scan_actions[22m | resignation_letter.png[39m[0m
[  22% ] [90m[1m_update_scan_actions[22m | salt_shaker.png[39m[0m
[  22% ] [90m[1m_update_scan_actions[22m | sock.png[39m[0m
[  22% ] [90m[1m_update_scan_actions[22m | sponge.png[39m[0m
[  22% ] [90m[1m_update_scan_actions[22m | tennis_ball.png[39m[0m
[  22% ] [90m[1m_update_scan_actions[22m | tissue_box_closed.png[39m[0m
[  22% ] [90m[1m_update_scan_actions[22m | tissue_box_open.png[39m[0m
[  22% ] [90m[1m_update_scan_actions[22m | toilet_roll.png[39m[0m
[  22% ] [90m[1m_update_scan_actions[22m | toothpaste.png[39m[0m
[  22% ] [90m[1m_update_scan_actions[22m | wasabi.png[39m[0m
[  22% ] [90m[1m_update_scan_actions[22m | yarn_ball.png[39m[0m
[  23% ] [90m[1m_update_scan_actions[22m | zucchini.png[39m[0m
[  23% ] [90m[1m_update_scan_actions[22m | arrows-expand.png[39m[0m
[  23% ] [90m[1m_update_scan_actions[22m | bell.png[39m[0m
[  23% ] [90m[1m_update_scan_actions[22m | camera.png[39m[0m
[  23% ] [90m[1m_update_scan_actions[22m | check-mark.png[39m[0m
[  23% ] [90m[1m_update_scan_actions[22m | close-x.png[39m[0m
[  23% ] [90m[1m_update_scan_actions[22m | cloud.png[39m[0m
[  23% ] [90m[1m_update_scan_actions[22m | coffee.png[39m[0m
[  23% ] [90m[1m_update_scan_actions[22m | coin.png[39m[0m
[  23% ] [90m[1m_update_scan_actions[22m | fire.png[39m[0m
[  23% ] [90m[1m_update_scan_actions[22m | footprint.png[39m[0m
[  24% ] [90m[1m_update_scan_actions[22m | home.png[39m[0m
[  24% ] [90m[1m_update_scan_actions[22m | image-square.png[39m[0m
[  24% ] [90m[1m_update_scan_actions[22m | inbox.png[39m[0m
[  24% ] [90m[1m_update_scan_actions[22m | info-round.png[39m[0m
[  24% ] [90m[1m_update_scan_actions[22m | left-arrow.png[39m[0m
[  24% ] [90m[1m_update_scan_actions[22m | map1.png[39m[0m
[  24% ] [90m[1m_update_scan_actions[22m | map-marker.png[39m[0m
[  24% ] [90m[1m_update_scan_actions[22m | moon.png[39m[0m
[  24% ] [90m[1m_update_scan_actions[22m | padlock-locked.png[39m[0m
[  24% ] [90m[1m_update_scan_actions[22m | paper.png[39m[0m
[  24% ] [90m[1m_update_scan_actions[22m | pause.png[39m[0m
[  25% ] [90m[1m_update_scan_actions[22m | pencil.png[39m[0m
[  25% ] [90m[1m_update_scan_actions[22m | plain-heart.png[39m[0m
[  25% ] [90m[1m_update_scan_actions[22m | plus.png[39m[0m
[  25% ] [90m[1m_update_scan_actions[22m | pouch.png[39m[0m
[  25% ] [90m[1m_update_scan_actions[22m | quest.png[39m[0m
[  25% ] [90m[1m_update_scan_actions[22m | reading-book.png[39m[0m
[  25% ] [90m[1m_update_scan_actions[22m | settings.png[39m[0m
[  25% ] [90m[1m_update_scan_actions[22m | star-alt.png[39m[0m
[  25% ] [90m[1m_update_scan_actions[22m | sun.png[39m[0m
[  25% ] [90m[1m_update_scan_actions[22m | umbrella.png[39m[0m
[  25% ] [90m[1m_update_scan_actions[22m | user.png[39m[0m
[  26% ] [90m[1m_update_scan_actions[22m | volume-medium.png[39m[0m
[  26% ] [90m[1m_update_scan_actions[22m | volume-mute.png[39m[0m
[  26% ] [90m[1m_update_scan_actions[22m | wall-clock.png[39m[0m
[  26% ] [90m[1m_update_scan_actions[22m | water-drop.png[39m[0m
[  26% ] [90m[1m_update_scan_actions[22m | zoom-minus.png[39m[0m
[  26% ] [90m[1m_update_scan_actions[22m | zoom-plus.png[39m[0m
[  26% ] [90m[1m_update_scan_actions[22m | badges.png[39m[0m
[  26% ] [90m[1m_update_scan_actions[22m | book-refined.png[39m[0m
[  26% ] [90m[1m_update_scan_actions[22m | book.png[39m[0m
[  26% ] [90m[1m_update_scan_actions[22m | chess_pieces.png[39m[0m
[  26% ] [90m[1m_update_scan_actions[22m | chess_table.png[39m[0m
[  27% ] [90m[1m_update_scan_actions[22m | edible_food.png[39m[0m
[  27% ] [90m[1m_update_scan_actions[22m | folded_map.png[39m[0m
[  27% ] [90m[1m_update_scan_actions[22m | kitchen_objects.png[39m[0m
[  27% ] [90m[1m_update_scan_actions[22m | objects.png[39m[0m
[  27% ] [90m[1m_update_scan_actions[22m | recorder-refined.png[39m[0m
[  27% ] [90m[1m_update_scan_actions[22m | recorder_shell.png[39m[0m
[  27% ] [90m[1m_update_scan_actions[22m | cassette.png[39m[0m
[  27% ] [90m[1m_update_scan_actions[22m | clipboard.png[39m[0m
[  27% ] [90m[1m_update_scan_actions[22m | solmere_pot_front.png[39m[0m
[  27% ] [90m[1m_update_scan_actions[22m | blank-notebook-spread.png[39m[0m
[  27% ] [90m[1m_update_scan_actions[22m | check-off.svg[39m[0m
[  28% ] [90m[1m_update_scan_actions[22m | check-on.svg[39m[0m
[  28% ] [90m[1m_update_scan_actions[22m | cover-film-poster.png[39m[0m
[  28% ] [90m[1m_update_scan_actions[22m | cover-sea-mask.svg[39m[0m
[  28% ] [90m[1m_update_scan_actions[22m | cover-wind.wav[39m[0m
[  28% ] [90m[1m_update_scan_actions[22m | dossier-exploration.png[39m[0m
[  28% ] [90m[1m_update_scan_actions[22m | dossier-final-statement.png[39m[0m
[  28% ] [90m[1m_update_scan_actions[22m | dossier-open-reference.png[39m[0m
[  28% ] [90m[1m_update_scan_actions[22m | dossier-personal.png[39m[0m
[  28% ] [90m[1m_update_scan_actions[22m | dossier-recognition.png[39m[0m
[  28% ] [90m[1m_update_scan_actions[22m | dossier-seven-days.png[39m[0m
[  28% ] [90m[1m_update_scan_actions[22m | enamel-cooking-pan.png[39m[0m
[  29% ] [90m[1m_update_scan_actions[22m | intro-sound-design.wav[39m[0m
[  29% ] [90m[1m_update_scan_actions[22m | living-folder.png[39m[0m
[  29% ] [90m[1m_update_scan_actions[22m | living-postcard.png[39m[0m
[  29% ] [90m[1m_update_scan_actions[22m | paper-slider.svg[39m[0m
[  29% ] [90m[1m_update_scan_actions[22m | sea-bean-tin.png[39m[0m
[  29% ] [90m[1m_update_scan_actions[22m | solmere-map-overview.jpg[39m[0m
[  29% ] [90m[1m_update_scan_actions[22m | solmere-tourist-map-painting.png[39m[0m
[  29% ] [90m[1m_update_scan_actions[22m | start-handwritten.svg[39m[0m
[  29% ] [90m[1m_update_scan_actions[22m | title-screen-background.png[39m[0m
[  29% ] [90m[1m_update_scan_actions[22m | bus_stop.jpg[39m[0m
[  29% ] [90m[1m_update_scan_actions[22m | bus_stop.png[39m[0m
[  30% ] [90m[1m_update_scan_actions[22m | chenyuan.png[39m[0m
[  30% ] [90m[1m_update_scan_actions[22m | chess_stall.png[39m[0m
[  30% ] [90m[1m_update_scan_actions[22m | cici.png[39m[0m
[  30% ] [90m[1m_update_scan_actions[22m | correspondence_office.png[39m[0m
[  30% ] [90m[1m_update_scan_actions[22m | grocery_supplied.png[39m[0m
[  30% ] [90m[1m_update_scan_actions[22m | lookout_approach.jpg[39m[0m
[  30% ] [90m[1m_update_scan_actions[22m | lookout_approach.png[39m[0m
[  30% ] [90m[1m_update_scan_actions[22m | lookout_platform_supplied.jpg[39m[0m
[  30% ] [90m[1m_update_scan_actions[22m | lookout_screen_supplied.jpg[39m[0m
[  30% ] [90m[1m_update_scan_actions[22m | naonao_white.png[39m[0m
[  30% ] [90m[1m_update_scan_actions[22m | player_home.png[39m[0m
[  31% ] [90m[1m_update_scan_actions[22m | post_office_supplied.png[39m[0m
[  31% ] [90m[1m_update_scan_actions[22m | produce_stall.png[39m[0m
[  31% ] [90m[1m_update_scan_actions[22m | produce_stall_supplied.jpg[39m[0m
[  31% ] [90m[1m_update_scan_actions[22m | protagonist_colored.png[39m[0m
[  31% ] [90m[1m_update_scan_actions[22m | protagonist_lineart.png[39m[0m
[  31% ] [90m[1m_update_scan_actions[22m | protagonist_white.png[39m[0m
[  31% ] [90m[1m_update_scan_actions[22m | restaurant.png[39m[0m
[  31% ] [90m[1m_update_scan_actions[22m | shared_home_supplied.jpg[39m[0m
[  31% ] [90m[1m_update_scan_actions[22m | tarot_shop.png[39m[0m
[  31% ] [90m[1m_update_scan_actions[22m | tarot_shop_source.jpg[39m[0m
[  31% ] [90m[1m_update_scan_actions[22m | xanni_supplied.jpg[39m[0m
[  32% ] [90m[1m_update_scan_actions[22m | xia_touming_colored.png[39m[0m
[  32% ] [90m[1m_update_scan_actions[22m | zhou_xiaoliu.png[39m[0m
[  32% ] [90m[1m_update_scan_actions[22m | v2_alarm.wav[39m[0m
[  32% ] [90m[1m_update_scan_actions[22m | v2_clink.wav[39m[0m
[  32% ] [90m[1m_update_scan_actions[22m | v2_drawer.wav[39m[0m
[  32% ] [90m[1m_update_scan_actions[22m | v2_paper.wav[39m[0m
[  32% ] [90m[1m_update_scan_actions[22m | v2_room.wav[39m[0m
[  32% ] [90m[1m_update_scan_actions[22m | v2_water.wav[39m[0m
[  32% ] [90m[1m_update_scan_actions[22m | back_001.ogg[39m[0m
[  32% ] [90m[1m_update_scan_actions[22m | click_001.ogg[39m[0m
[  32% ] [90m[1m_update_scan_actions[22m | click_003.ogg[39m[0m
[  33% ] [90m[1m_update_scan_actions[22m | click_005.ogg[39m[0m
[  33% ] [90m[1m_update_scan_actions[22m | confirmation_001.ogg[39m[0m
[  33% ] [90m[1m_update_scan_actions[22m | confirmation_002.ogg[39m[0m
[  33% ] [90m[1m_update_scan_actions[22m | error_004.ogg[39m[0m
[  33% ] [90m[1m_update_scan_actions[22m | scroll_001.ogg[39m[0m
[  33% ] [90m[1m_update_scan_actions[22m | select_001.ogg[39m[0m
[  33% ] [90m[1m_update_scan_actions[22m | switch_002.ogg[39m[0m
[  33% ] [90m[1m_update_scan_actions[22m | switch_003.ogg[39m[0m
[  33% ] [90m[1m_update_scan_actions[22m | bookClose.ogg[39m[0m
[  33% ] [90m[1m_update_scan_actions[22m | bookFlip1.ogg[39m[0m
[  34% ] [90m[1m_update_scan_actions[22m | bookFlip2.ogg[39m[0m
[  34% ] [90m[1m_update_scan_actions[22m | bookFlip3.ogg[39m[0m
[  34% ] [90m[1m_update_scan_actions[22m | bookOpen.ogg[39m[0m
[  34% ] [90m[1m_update_scan_actions[22m | chop.ogg[39m[0m
[  34% ] [90m[1m_update_scan_actions[22m | cloth1.ogg[39m[0m
[  34% ] [90m[1m_update_scan_actions[22m | cloth2.ogg[39m[0m
[  34% ] [90m[1m_update_scan_actions[22m | doorClose_1.ogg[39m[0m
[  34% ] [90m[1m_update_scan_actions[22m | doorOpen_1.ogg[39m[0m
[  34% ] [90m[1m_update_scan_actions[22m | handleCoins2.ogg[39m[0m
[  34% ] [90m[1m_update_scan_actions[22m | handleCoins.ogg[39m[0m
[  34% ] [90m[1m_update_scan_actions[22m | metalPot1.ogg[39m[0m
[  35% ] [90m[1m_update_scan_actions[22m | metalPot2.ogg[39m[0m
[  35% ] [90m[1m_update_scan_actions[22m | Solmere_Chess_Filled_Bowls_CN.png[39m[0m
[  35% ] [90m[1m_update_scan_actions[22m | Solmere_Chess_Filled_Bowls_Detail_CN.png[39m[0m
[  35% ] [90m[1m_update_scan_actions[22m | cover_gust.png[39m[0m
[  35% ] [90m[1m_update_scan_actions[22m | cover_open.png[39m[0m
[  35% ] [90m[1m_update_scan_actions[22m | cover_preview.png[39m[0m
[  35% ] [90m[1m_update_scan_actions[22m | cover_settled.png[39m[0m
[  35% ] [90m[1m_update_scan_actions[22m | lookout_replacement.png[39m[0m
[  35% ] [90m[1m_update_scan_actions[22m | new_bus_stop.png[39m[0m
[  35% ] [90m[1m_update_scan_actions[22m | new_lookout_road.png[39m[0m
[  35% ] [90m[1m_update_scan_actions[22m | opening_animation_preview.png[39m[0m
[  36% ] [90m[1m_update_scan_actions[22m | patch_voice_argument.png[39m[0m
[  36% ] [90m[1m_update_scan_actions[22m | patch_voice_maya.png[39m[0m
[  36% ] [90m[1m_update_scan_actions[22m | patch_voice_vendor.png[39m[0m
[  36% ] [90m[1m_update_scan_actions[22m | qa_A6.png[39m[0m
[  36% ] [90m[1m_update_scan_actions[22m | qa_B3.png[39m[0m
[  36% ] [90m[1m_update_scan_actions[22m | qa_desk_A.png[39m[0m
[  36% ] [90m[1m_update_scan_actions[22m | qa_desk_B.png[39m[0m
[  36% ] [90m[1m_update_scan_actions[22m | qa_notes.png[39m[0m
[  36% ] [90m[1m_update_scan_actions[22m | v2_A0.png[39m[0m
[  36% ] [90m[1m_update_scan_actions[22m | v2_A6.png[39m[0m
[  36% ] [90m[1m_update_scan_actions[22m | v2_B0.png[39m[0m
[  37% ] [90m[1m_update_scan_actions[22m | v2_B3.png[39m[0m
[  37% ] [90m[1m_update_scan_actions[22m | v2_B4.png[39m[0m
[  37% ] [90m[1m_update_scan_actions[22m | v2_debug.png[39m[0m
[  37% ] [90m[1m_update_scan_actions[22m | v2_dialogue.png[39m[0m
[  37% ] [90m[1m_update_scan_actions[22m | v2_intro_white.png[39m[0m
[  37% ] [90m[1m_update_scan_actions[22m | v2_marginalia.png[39m[0m
[  37% ] [90m[1m_update_scan_actions[22m | V2_MEMORY_INVENTORY.csv[39m[0m
[  37% ] [90m[1m_update_scan_actions[22m | v2_readable.png[39m[0m
[  37% ] [90m[1m_update_scan_actions[22m | video_cover_before_start.png[39m[0m
[  37% ] [90m[1m_update_scan_actions[22m | video_cover_navigation.png[39m[0m
[  37% ] [90m[1m_update_scan_actions[22m | video_cover_ready.png[39m[0m
[  38% ] [90m[1m_update_scan_actions[22m | video_cover_start_fading.png[39m[0m
[  38% ] [90m[1m_update_scan_actions[22m | day.png[39m[0m
[  38% ] [90m[1m_update_scan_actions[22m | extension.png[39m[0m
[  38% ] [90m[1m_update_scan_actions[22m | night.png[39m[0m
[  38% ] [90m[1m_update_scan_actions[22m | prototype.png[39m[0m
[  38% ] [90m[1m_update_scan_actions[22m | screen-position-right.png[39m[0m
[  38% ] [90m[1m_update_scan_actions[22m | screen-position.png[39m[0m
[  38% ] [90m[1m_update_scan_actions[22m | clock-completed.png[39m[0m
[  38% ] [90m[1m_update_scan_actions[22m | clock-ready.png[39m[0m
[  38% ] [90m[1m_update_scan_actions[22m | 05-map.png[39m[0m
[  38% ] [90m[1m_update_scan_actions[22m | 07-settings.png[39m[0m
[  39% ] [90m[1m_update_scan_actions[22m | 08-live-recording.png[39m[0m
[  39% ] [90m[1m_update_scan_actions[22m | 10-b-handwritten-agenda.png[39m[0m
[  39% ] [90m[1m_update_scan_actions[22m | 12-checkout.png[39m[0m
[  39% ] [90m[1m_update_scan_actions[22m | 15-record-shop.png[39m[0m
[  39% ] [90m[1m_update_scan_actions[22m | 16-b-sound-materials.png[39m[0m
[  39% ] [90m[1m_update_scan_actions[22m | photo-after-shutter.png[39m[0m
[  39% ] [90m[1m_update_scan_actions[22m | photo-album.png[39m[0m
[  39% ] [90m[1m_update_scan_actions[22m | photo-cartoon-album-full.png[39m[0m
[  39% ] [90m[1m_update_scan_actions[22m | photo-cartoon-viewfinder.png[39m[0m
[  39% ] [90m[1m_update_scan_actions[22m | photo-edit-white-border.png[39m[0m
[  39% ] [90m[1m_update_scan_actions[22m | photo-pan-down.png[39m[0m
[  40% ] [90m[1m_update_scan_actions[22m | photo-pan-up.png[39m[0m
[  40% ] [90m[1m_update_scan_actions[22m | cafe.png[39m[0m
[  40% ] [90m[1m_update_scan_actions[22m | handcraft_shop.png[39m[0m
[  40% ] [90m[1m_update_scan_actions[22m | produce_stall.png[39m[0m
[  40% ] [90m[1m_update_scan_actions[22m | 01-welcome.png[39m[0m
[  40% ] [90m[1m_update_scan_actions[22m | 02-fan.png[39m[0m
[  40% ] [90m[1m_update_scan_actions[22m | 03-question.png[39m[0m
[  40% ] [90m[1m_update_scan_actions[22m | 04-guide.png[39m[0m
[  40% ] [90m[1m_update_scan_actions[22m | 05-choose.png[39m[0m
[  40% ] [90m[1m_update_scan_actions[22m | 06-sort.png[39m[0m
[  40% ] [90m[1m_update_scan_actions[22m | 07-truth.png[39m[0m
[  41% ] [90m[1m_update_scan_actions[22m | 08-complete-layout.png[39m[0m
[  41% ] [90m[1m_update_scan_actions[22m | 09-welcome-1280.png[39m[0m
[  41% ] [90m[1m_update_scan_actions[22m | 10-choose-1280.png[39m[0m
[  41% ] [90m[1m_update_scan_actions[22m | after-time-cost.png[39m[0m
[  41% ] [90m[1m_update_scan_actions[22m | blue-hour.png[39m[0m
[  41% ] [90m[1m_update_scan_actions[22m | cooking-open.png[39m[0m
[  41% ] [90m[1m_update_scan_actions[22m | grocery-checkout.png[39m[0m
[  41% ] [90m[1m_update_scan_actions[22m | grocery-dialogue.png[39m[0m
[  41% ] [90m[1m_update_scan_actions[22m | grocery-receipt.png[39m[0m
[  41% ] [90m[1m_update_scan_actions[22m | night-settled.png[39m[0m
[  41% ] [90m[1m_update_scan_actions[22m | produce_stall-checkout.png[39m[0m
[  42% ] [90m[1m_update_scan_actions[22m | restored-coastal-hud.png[39m[0m
[  42% ] [90m[1m_update_scan_actions[22m | restored-home-B.png[39m[0m
[  42% ] [90m[1m_update_scan_actions[22m | restored-residents-2.png[39m[0m
[  42% ] [90m[1m_update_scan_actions[22m | start-work-confirmation.png[39m[0m
[  42% ] [90m[1m_update_scan_actions[22m | sunset-start.png[39m[0m
[  42% ] [90m[1m_update_scan_actions[22m | people.png[39m[0m
[  42% ] [90m[1m_update_scan_actions[22m | plan.png[39m[0m
[  42% ] [90m[1m_update_scan_actions[22m | today.png[39m[0m
[  42% ] [90m[1m_update_scan_actions[22m | work.png[39m[0m
[  42% ] [90m[1m_update_scan_actions[22m | pause-cassette.png[39m[0m
[  42% ] [90m[1m_update_scan_actions[22m | restaurant-list.png[39m[0m
[  43% ] [90m[1m_update_scan_actions[22m | restaurant-ready.png[39m[0m
[  43% ] [90m[1m_update_scan_actions[22m | restaurant-small.png[39m[0m
[  43% ] [90m[1m_update_scan_actions[22m | settings-cassette.png[39m[0m
[  43% ] [90m[1m_update_scan_actions[22m | street-hud.png[39m[0m
[  43% ] [90m[1m_update_scan_actions[22m | home-day.png[39m[0m
[  43% ] [90m[1m_update_scan_actions[22m | home-night.png[39m[0m
[  43% ] [90m[1m_update_scan_actions[22m | home-rain.png[39m[0m
[  43% ] [90m[1m_update_scan_actions[22m | home-sunset.png[39m[0m
[  43% ] [90m[1m_update_scan_actions[22m | records-day.png[39m[0m
[  43% ] [90m[1m_update_scan_actions[22m | room-a-day.png[39m[0m
[  43% ] [90m[1m_update_scan_actions[22m | room-b-night.png[39m[0m
[  44% ] [90m[1m_update_scan_actions[22m | street-night.png[39m[0m
[  44% ] [90m[1m_update_scan_actions[22m | home-day.png[39m[0m
[  44% ] [90m[1m_update_scan_actions[22m | home-night.png[39m[0m
[  44% ] [90m[1m_update_scan_actions[22m | home-rain.png[39m[0m
[  44% ] [90m[1m_update_scan_actions[22m | home-sunset.png[39m[0m
[  44% ] [90m[1m_update_scan_actions[22m | records-day.png[39m[0m
[  44% ] [90m[1m_update_scan_actions[22m | room-a-day.png[39m[0m
[  44% ] [90m[1m_update_scan_actions[22m | room-b-night.png[39m[0m
[  44% ] [90m[1m_update_scan_actions[22m | street-night.png[39m[0m
[  44% ] [90m[1m_update_scan_actions[22m | home-A.png[39m[0m
[  44% ] [90m[1m_update_scan_actions[22m | home-B.png[39m[0m
[  45% ] [90m[1m_update_scan_actions[22m | record-conversation.png[39m[0m
[  45% ] [90m[1m_update_scan_actions[22m | record-owner.png[39m[0m
[  45% ] [90m[1m_update_scan_actions[22m | room-A.png[39m[0m
[  45% ] [90m[1m_update_scan_actions[22m | room-B.png[39m[0m
[  45% ] [90m[1m_update_scan_actions[22m | after-camera.png[39m[0m
[  45% ] [90m[1m_update_scan_actions[22m | after-collage_materials.png[39m[0m
[  45% ] [90m[1m_update_scan_actions[22m | after-dossier.png[39m[0m
[  45% ] [90m[1m_update_scan_actions[22m | after-fish_journal.png[39m[0m
[  45% ] [90m[1m_update_scan_actions[22m | after-household.png[39m[0m
[  45% ] [90m[1m_update_scan_actions[22m | after-menu.png[39m[0m
[  45% ] [90m[1m_update_scan_actions[22m | after-notebook.png[39m[0m
[  46% ] [90m[1m_update_scan_actions[22m | after-recipe_editor.png[39m[0m
[  46% ] [90m[1m_update_scan_actions[22m | after-sound_library_saved.png[39m[0m
[  46% ] [90m[1m_update_scan_actions[22m | after-studio.png[39m[0m
[  46% ] [90m[1m_update_scan_actions[22m | after-studio_recorder.png[39m[0m
[  46% ] [90m[1m_update_scan_actions[22m | after-tarot_table.png[39m[0m
[  46% ] [90m[1m_update_scan_actions[22m | before-dossier.png[39m[0m
[  46% ] [90m[1m_update_scan_actions[22m | before-menu.png[39m[0m
[  46% ] [90m[1m_update_scan_actions[22m | before-notebook.png[39m[0m
[  46% ] [90m[1m_update_scan_actions[22m | before-recipe_editor.png[39m[0m
[  46% ] [90m[1m_update_scan_actions[22m | before-studio.png[39m[0m
[  46% ] [90m[1m_update_scan_actions[22m | before-studio_recorder.png[39m[0m
[  47% ] [90m[1m_update_scan_actions[22m | 01_dialogue_record_shop.png[39m[0m
[  47% ] [90m[1m_update_scan_actions[22m | 02_camera_grammar_triptych.png[39m[0m
[  47% ] [90m[1m_update_scan_actions[22m | 03_studio_four_track_ui.png[39m[0m
[  47% ] [90m[1m_update_scan_actions[22m | 04_visual_mode_abstract.png[39m[0m
[  47% ] [90m[1m_update_scan_actions[22m | 05_record_pressing_ritual.png[39m[0m
[  47% ] [90m[1m_update_scan_actions[22m | 06_portable_recorder_gameplay.png[39m[0m
[  47% ] [90m[1m_update_scan_actions[22m | 07_record_library_shelf.png[39m[0m
[  47% ] [90m[1m_update_scan_actions[22m | 07_record_library_shelf_v2.png[39m[0m
[  47% ] [90m[1m_update_scan_actions[22m | final_camera.png[39m[0m
[  47% ] [90m[1m_update_scan_actions[22m | final_chapters.png[39m[0m
[  47% ] [90m[1m_update_scan_actions[22m | final_day7.png[39m[0m
[  48% ] [90m[1m_update_scan_actions[22m | final_dialogue.png[39m[0m
[  48% ] [90m[1m_update_scan_actions[22m | final_home.png[39m[0m
[  48% ] [90m[1m_update_scan_actions[22m | final_map.png[39m[0m
[  48% ] [90m[1m_update_scan_actions[22m | final_organize.png[39m[0m
[  48% ] [90m[1m_update_scan_actions[22m | final_recorder.png[39m[0m
[  48% ] [90m[1m_update_scan_actions[22m | final_requirements.png[39m[0m
[  48% ] [90m[1m_update_scan_actions[22m | final_town.png[39m[0m
[  48% ] [90m[1m_update_scan_actions[22m | patch_map_route.png[39m[0m
[  48% ] [90m[1m_update_scan_actions[22m | patch_requirements.png[39m[0m
[  48% ] [90m[1m_update_scan_actions[22m | patch_starter_packet.png[39m[0m
[  48% ] [90m[1m_update_scan_actions[22m | Caveat[wght].ttf[39m[0m
[  49% ] [90m[1m_update_scan_actions[22m | LibreBaskerville-Italic[wght].ttf[39m[0m
[  49% ] [90m[1m_update_scan_actions[22m | LibreBaskerville[wght].ttf[39m[0m
[  49% ] [90m[1m_update_scan_actions[22m | NotoSansSC.ttf[39m[0m
[  49% ] [90m[1m_update_scan_actions[22m | SpecialElite-Regular.ttf[39m[0m
[  49% ] [90m[1m_update_scan_actions[22m | Xiaolai-Regular.ttf[39m[0m
[  49% ] [90m[1m_update_scan_actions[22m | desk-reference-v3.png[39m[0m
[  49% ] [90m[1m_update_scan_actions[22m | desk-room-v2.png[39m[0m
[  49% ] [90m[1m_update_scan_actions[22m | tool-roll-v2.png[39m[0m
[  49% ] [90m[1m_update_scan_actions[22m | click1.ogg[39m[0m
[  49% ] [90m[1m_update_scan_actions[22m | click2.ogg[39m[0m
[  49% ] [90m[1m_update_scan_actions[22m | click3.ogg[39m[0m
[  50% ] [90m[1m_update_scan_actions[22m | click4.ogg[39m[0m
[  50% ] [90m[1m_update_scan_actions[22m | click5.ogg[39m[0m
[  50% ] [90m[1m_update_scan_actions[22m | cork-close.wav[39m[0m
[  50% ] [90m[1m_update_scan_actions[22m | cork-pop.wav[39m[0m
[  50% ] [90m[1m_update_scan_actions[22m | match.mp3[39m[0m
[  50% ] [90m[1m_update_scan_actions[22m | ocean-waves.ogg[39m[0m
[  50% ] [90m[1m_update_scan_actions[22m | paper.mp3[39m[0m
[  50% ] [90m[1m_update_scan_actions[22m | pencil.ogg[39m[0m
[  50% ] [90m[1m_update_scan_actions[22m | pen_erase.ogg[39m[0m
[  50% ] [90m[1m_update_scan_actions[22m | pen_write_01.ogg[39m[0m
[  50% ] [90m[1m_update_scan_actions[22m | pen_write_02.ogg[39m[0m
[  51% ] [90m[1m_update_scan_actions[22m | pen_write_03.ogg[39m[0m
[  51% ] [90m[1m_update_scan_actions[22m | pen_write_04.ogg[39m[0m
[  51% ] [90m[1m_update_scan_actions[22m | pen_write_05.ogg[39m[0m
[  51% ] [90m[1m_update_scan_actions[22m | pen_write_06.ogg[39m[0m
[  51% ] [90m[1m_update_scan_actions[22m | rustle.mp3[39m[0m
[  51% ] [90m[1m_update_scan_actions[22m | scissors.mp3[39m[0m
[  51% ] [90m[1m_update_scan_actions[22m | stamp.mp3[39m[0m
[  51% ] [90m[1m_update_scan_actions[22m | strokes.mp3[39m[0m
[  51% ] [90m[1m_update_scan_actions[22m | tape.mp3[39m[0m
[  51% ] [90m[1m_update_scan_actions[22m | tear.mp3[39m[0m
[  51% ] [90m[1m_update_scan_actions[22m | typewriter1.wav[39m[0m
[  52% ] [90m[1m_update_scan_actions[22m | typewriter2.wav[39m[0m
[  52% ] [90m[1m_update_scan_actions[22m | typewriter3.wav[39m[0m
[  52% ] [90m[1m_update_scan_actions[22m | typewriter4.wav[39m[0m
[  52% ] [90m[1m_update_scan_actions[22m | apple.svg[39m[0m
[  52% ] [90m[1m_update_scan_actions[22m | book.svg[39m[0m
[  52% ] [90m[1m_update_scan_actions[22m | bread.svg[39m[0m
[  52% ] [90m[1m_update_scan_actions[22m | bulrush.svg[39m[0m
[  52% ] [90m[1m_update_scan_actions[22m | camera.svg[39m[0m
[  52% ] [90m[1m_update_scan_actions[22m | cat.svg[39m[0m
[  52% ] [90m[1m_update_scan_actions[22m | cloud.svg[39m[0m
[  52% ] [90m[1m_update_scan_actions[22m | clover.svg[39m[0m
[  53% ] [90m[1m_update_scan_actions[22m | compass.svg[39m[0m
[  53% ] [90m[1m_update_scan_actions[22m | dog.svg[39m[0m
[  53% ] [90m[1m_update_scan_actions[22m | extra-a-bottle-of-water.svg[39m[0m
[  53% ] [90m[1m_update_scan_actions[22m | extra-anchor.svg[39m[0m
[  53% ] [90m[1m_update_scan_actions[22m | extra-animal.svg[39m[0m
[  53% ] [90m[1m_update_scan_actions[22m | extra-backpack.svg[39m[0m
[  53% ] [90m[1m_update_scan_actions[22m | extra-bamboo-shoots.svg[39m[0m
[  53% ] [90m[1m_update_scan_actions[22m | extra-bamboo.svg[39m[0m
[  53% ] [90m[1m_update_scan_actions[22m | extra-basketball.svg[39m[0m
[  53% ] [90m[1m_update_scan_actions[22m | extra-bear.svg[39m[0m
[  53% ] [90m[1m_update_scan_actions[22m | extra-beer.svg[39m[0m
[  54% ] [90m[1m_update_scan_actions[22m | extra-bike.svg[39m[0m
[  54% ] [90m[1m_update_scan_actions[22m | extra-binoculars.svg[39m[0m
[  54% ] [90m[1m_update_scan_actions[22m | extra-bowl.svg[39m[0m
[  54% ] [90m[1m_update_scan_actions[22m | extra-bridge.svg[39m[0m
[  54% ] [90m[1m_update_scan_actions[22m | extra-bullhorn.svg[39m[0m
[  54% ] [90m[1m_update_scan_actions[22m | extra-bus.svg[39m[0m
[  54% ] [90m[1m_update_scan_actions[22m | extra-cactus.svg[39m[0m
[  54% ] [90m[1m_update_scan_actions[22m | extra-carrot.svg[39m[0m
[  54% ] [90m[1m_update_scan_actions[22m | extra-chair.svg[39m[0m
[  54% ] [90m[1m_update_scan_actions[22m | extra-chest.svg[39m[0m
[  54% ] [90m[1m_update_scan_actions[22m | extra-chopsticks.svg[39m[0m
[  55% ] [90m[1m_update_scan_actions[22m | extra-cow.svg[39m[0m
[  55% ] [90m[1m_update_scan_actions[22m | extra-drink.svg[39m[0m
[  55% ] [90m[1m_update_scan_actions[22m | extra-eggplant.svg[39m[0m
[  55% ] [90m[1m_update_scan_actions[22m | extra-fishing-rod.svg[39m[0m
[  55% ] [90m[1m_update_scan_actions[22m | extra-flowerpot.svg[39m[0m
[  55% ] [90m[1m_update_scan_actions[22m | extra-fog.svg[39m[0m
[  55% ] [90m[1m_update_scan_actions[22m | extra-forest.svg[39m[0m
[  55% ] [90m[1m_update_scan_actions[22m | extra-fork.svg[39m[0m
[  55% ] [90m[1m_update_scan_actions[22m | extra-fox.svg[39m[0m
[  55% ] [90m[1m_update_scan_actions[22m | extra-glass-of-water.svg[39m[0m
[  55% ] [90m[1m_update_scan_actions[22m | extra-grass.svg[39m[0m
[  56% ] [90m[1m_update_scan_actions[22m | extra-ham.svg[39m[0m
[  56% ] [90m[1m_update_scan_actions[22m | extra-hammer.svg[39m[0m
[  56% ] [90m[1m_update_scan_actions[22m | extra-horse.svg[39m[0m
[  56% ] [90m[1m_update_scan_actions[22m | extra-house.svg[39m[0m
[  56% ] [90m[1m_update_scan_actions[22m | extra-jellyfish.svg[39m[0m
[  56% ] [90m[1m_update_scan_actions[22m | extra-kettle.svg[39m[0m
[  56% ] [90m[1m_update_scan_actions[22m | extra-lantern.svg[39m[0m
[  56% ] [90m[1m_update_scan_actions[22m | extra-light.svg[39m[0m
[  56% ] [90m[1m_update_scan_actions[22m | extra-lightning.svg[39m[0m
[  56% ] [90m[1m_update_scan_actions[22m | extra-magnet.svg[39m[0m
[  56% ] [90m[1m_update_scan_actions[22m | extra-map.svg[39m[0m
[  57% ] [90m[1m_update_scan_actions[22m | extra-meteor.svg[39m[0m
[  57% ] [90m[1m_update_scan_actions[22m | extra-milk.svg[39m[0m
[  57% ] [90m[1m_update_scan_actions[22m | extra-mouse.svg[39m[0m
[  57% ] [90m[1m_update_scan_actions[22m | extra-onigiri.svg[39m[0m
[  57% ] [90m[1m_update_scan_actions[22m | extra-panda.svg[39m[0m
[  57% ] [90m[1m_update_scan_actions[22m | extra-peach.svg[39m[0m
[  57% ] [90m[1m_update_scan_actions[22m | extra-pear.svg[39m[0m
[  57% ] [90m[1m_update_scan_actions[22m | extra-pig.svg[39m[0m
[  57% ] [90m[1m_update_scan_actions[22m | extra-plate.svg[39m[0m
[  57% ] [90m[1m_update_scan_actions[22m | extra-potato.svg[39m[0m
[  57% ] [90m[1m_update_scan_actions[22m | extra-pushpin.svg[39m[0m
[  58% ] [90m[1m_update_scan_actions[22m | extra-rabbit.svg[39m[0m
[  58% ] [90m[1m_update_scan_actions[22m | extra-rainbow.svg[39m[0m
[  58% ] [90m[1m_update_scan_actions[22m | extra-rice.svg[39m[0m
[  58% ] [90m[1m_update_scan_actions[22m | extra-river.svg[39m[0m
[  58% ] [90m[1m_update_scan_actions[22m | extra-ruler.svg[39m[0m
[  58% ] [90m[1m_update_scan_actions[22m | extra-scissors.svg[39m[0m
[  58% ] [90m[1m_update_scan_actions[22m | extra-sheep.svg[39m[0m
[  58% ] [90m[1m_update_scan_actions[22m | extra-shop.svg[39m[0m
[  58% ] [90m[1m_update_scan_actions[22m | extra-shrimp.svg[39m[0m
[  58% ] [90m[1m_update_scan_actions[22m | extra-snowflake.svg[39m[0m
[  58% ] [90m[1m_update_scan_actions[22m | extra-soccer.svg[39m[0m
[  59% ] [90m[1m_update_scan_actions[22m | extra-spoon.svg[39m[0m
[  59% ] [90m[1m_update_scan_actions[22m | extra-stone.svg[39m[0m
[  59% ] [90m[1m_update_scan_actions[22m | extra-tool-kit.svg[39m[0m
[  59% ] [90m[1m_update_scan_actions[22m | extra-volcano.svg[39m[0m
[  59% ] [90m[1m_update_scan_actions[22m | extra-water.svg[39m[0m
[  59% ] [90m[1m_update_scan_actions[22m | extra-wind.svg[39m[0m
[  59% ] [90m[1m_update_scan_actions[22m | extra-wineglass.svg[39m[0m
[  59% ] [90m[1m_update_scan_actions[22m | extra-wolf.svg[39m[0m
[  59% ] [90m[1m_update_scan_actions[22m | extra-wood.svg[39m[0m
[  59% ] [90m[1m_update_scan_actions[22m | extra-wrench.svg[39m[0m
[  59% ] [90m[1m_update_scan_actions[22m | extra-zongzi.svg[39m[0m
[  60% ] [90m[1m_update_scan_actions[22m | fish.svg[39m[0m
[  60% ] [90m[1m_update_scan_actions[22m | flower.svg[39m[0m
[  60% ] [90m[1m_update_scan_actions[22m | key.svg[39m[0m
[  60% ] [90m[1m_update_scan_actions[22m | leaves.svg[39m[0m
[  60% ] [90m[1m_update_scan_actions[22m | mountain.svg[39m[0m
[  60% ] [90m[1m_update_scan_actions[22m | music.svg[39m[0m
[  60% ] [90m[1m_update_scan_actions[22m | night.svg[39m[0m
[  60% ] [90m[1m_update_scan_actions[22m | paper-boat.svg[39m[0m
[  60% ] [90m[1m_update_scan_actions[22m | paper-plane.svg[39m[0m
[  60% ] [90m[1m_update_scan_actions[22m | rain.svg[39m[0m
[  60% ] [90m[1m_update_scan_actions[22m | sea.svg[39m[0m
[  61% ] [90m[1m_update_scan_actions[22m | star.svg[39m[0m
[  61% ] [90m[1m_update_scan_actions[22m | sun.svg[39m[0m
[  61% ] [90m[1m_update_scan_actions[22m | tree.svg[39m[0m
[  61% ] [90m[1m_update_scan_actions[22m | umbrella.svg[39m[0m
[  61% ] [90m[1m_update_scan_actions[22m | lower-a.png[39m[0m
[  61% ] [90m[1m_update_scan_actions[22m | lower-b.png[39m[0m
[  61% ] [90m[1m_update_scan_actions[22m | lower-c.png[39m[0m
[  61% ] [90m[1m_update_scan_actions[22m | lower-d.png[39m[0m
[  61% ] [90m[1m_update_scan_actions[22m | lower-e.png[39m[0m
[  61% ] [90m[1m_update_scan_actions[22m | lower-f.png[39m[0m
[  61% ] [90m[1m_update_scan_actions[22m | lower-g.png[39m[0m
[  62% ] [90m[1m_update_scan_actions[22m | lower-h.png[39m[0m
[  62% ] [90m[1m_update_scan_actions[22m | lower-i.png[39m[0m
[  62% ] [90m[1m_update_scan_actions[22m | lower-j.png[39m[0m
[  62% ] [90m[1m_update_scan_actions[22m | lower-k.png[39m[0m
[  62% ] [90m[1m_update_scan_actions[22m | lower-l.png[39m[0m
[  62% ] [90m[1m_update_scan_actions[22m | lower-m.png[39m[0m
[  62% ] [90m[1m_update_scan_actions[22m | lower-n.png[39m[0m
[  62% ] [90m[1m_update_scan_actions[22m | lower-o.png[39m[0m
[  62% ] [90m[1m_update_scan_actions[22m | lower-p.png[39m[0m
[  62% ] [90m[1m_update_scan_actions[22m | lower-q.png[39m[0m
[  62% ] [90m[1m_update_scan_actions[22m | lower-r.png[39m[0m
[  63% ] [90m[1m_update_scan_actions[22m | lower-s.png[39m[0m
[  63% ] [90m[1m_update_scan_actions[22m | lower-t.png[39m[0m
[  63% ] [90m[1m_update_scan_actions[22m | lower-u.png[39m[0m
[  63% ] [90m[1m_update_scan_actions[22m | lower-v.png[39m[0m
[  63% ] [90m[1m_update_scan_actions[22m | lower-w.png[39m[0m
[  63% ] [90m[1m_update_scan_actions[22m | lower-x.png[39m[0m
[  63% ] [90m[1m_update_scan_actions[22m | lower-y.png[39m[0m
[  63% ] [90m[1m_update_scan_actions[22m | lower-z.png[39m[0m
[  63% ] [90m[1m_update_scan_actions[22m | upper-a.png[39m[0m
[  63% ] [90m[1m_update_scan_actions[22m | upper-b.png[39m[0m
[  63% ] [90m[1m_update_scan_actions[22m | upper-c.png[39m[0m
[  64% ] [90m[1m_update_scan_actions[22m | upper-d.png[39m[0m
[  64% ] [90m[1m_update_scan_actions[22m | upper-e.png[39m[0m
[  64% ] [90m[1m_update_scan_actions[22m | upper-f.png[39m[0m
[  64% ] [90m[1m_update_scan_actions[22m | upper-g.png[39m[0m
[  64% ] [90m[1m_update_scan_actions[22m | upper-h.png[39m[0m
[  64% ] [90m[1m_update_scan_actions[22m | upper-i.png[39m[0m
[  64% ] [90m[1m_update_scan_actions[22m | upper-j.png[39m[0m
[  64% ] [90m[1m_update_scan_actions[22m | upper-k.png[39m[0m
[  64% ] [90m[1m_update_scan_actions[22m | upper-l.png[39m[0m
[  64% ] [90m[1m_update_scan_actions[22m | upper-m.png[39m[0m
[  64% ] [90m[1m_update_scan_actions[22m | upper-n.png[39m[0m
[  65% ] [90m[1m_update_scan_actions[22m | upper-o.png[39m[0m
[  65% ] [90m[1m_update_scan_actions[22m | upper-p.png[39m[0m
[  65% ] [90m[1m_update_scan_actions[22m | upper-q.png[39m[0m
[  65% ] [90m[1m_update_scan_actions[22m | upper-r.png[39m[0m
[  65% ] [90m[1m_update_scan_actions[22m | upper-s.png[39m[0m
[  65% ] [90m[1m_update_scan_actions[22m | upper-t.png[39m[0m
[  65% ] [90m[1m_update_scan_actions[22m | upper-u.png[39m[0m
[  65% ] [90m[1m_update_scan_actions[22m | upper-v.png[39m[0m
[  65% ] [90m[1m_update_scan_actions[22m | upper-w.png[39m[0m
[  65% ] [90m[1m_update_scan_actions[22m | upper-x.png[39m[0m
[  65% ] [90m[1m_update_scan_actions[22m | upper-y.png[39m[0m
[  66% ] [90m[1m_update_scan_actions[22m | upper-z.png[39m[0m
[  66% ] [90m[1m_update_scan_actions[22m | met-435882.jpg[39m[0m
[  66% ] [90m[1m_update_scan_actions[22m | met-436528.jpg[39m[0m
[  66% ] [90m[1m_update_scan_actions[22m | met-436532.jpg[39m[0m
[  66% ] [90m[1m_update_scan_actions[22m | met-436534.jpg[39m[0m
[  66% ] [90m[1m_update_scan_actions[22m | met-436535.jpg[39m[0m
[  66% ] [90m[1m_update_scan_actions[22m | met-437984.jpg[39m[0m
[  66% ] [90m[1m_update_scan_actions[22m | fibre-kraft.png[39m[0m
[  66% ] [90m[1m_update_scan_actions[22m | old-scan.jpg[39m[0m
[  66% ] [90m[1m_update_scan_actions[22m | Papier1.png[39m[0m
[  67% ] [90m[1m_update_scan_actions[22m | Papier2.png[39m[0m
[  67% ] [90m[1m_update_scan_actions[22m | Papier3.png[39m[0m
[  67% ] [90m[1m_update_scan_actions[22m | Papier4.png[39m[0m
[  67% ] [90m[1m_update_scan_actions[22m | Papier5.png[39m[0m
[  67% ] [90m[1m_update_scan_actions[22m | Papier6.png[39m[0m
[  67% ] [90m[1m_update_scan_actions[22m | Papier7.png[39m[0m
[  67% ] [90m[1m_update_scan_actions[22m | Papier8.png[39m[0m
[  67% ] [90m[1m_update_scan_actions[22m | Papier9.png[39m[0m
[  67% ] [90m[1m_update_scan_actions[22m | Papier10.png[39m[0m
[  67% ] [90m[1m_update_scan_actions[22m | Papier11.png[39m[0m
[  67% ] [90m[1m_update_scan_actions[22m | Papier12.png[39m[0m
[  68% ] [90m[1m_update_scan_actions[22m | Papier13.png[39m[0m
[  68% ] [90m[1m_update_scan_actions[22m | watercolor_1_0.jpg[39m[0m
[  68% ] [90m[1m_update_scan_actions[22m | watercolor_2_0.jpg[39m[0m
[  68% ] [90m[1m_update_scan_actions[22m | watercolor_3_0.jpg[39m[0m
[  68% ] [90m[1m_update_scan_actions[22m | watercolor_4_0.jpg[39m[0m
[  68% ] [90m[1m_update_scan_actions[22m | watercolor_5_0.jpg[39m[0m
[  68% ] [90m[1m_update_scan_actions[22m | watercolor_6_0.jpg[39m[0m
[  68% ] [90m[1m_update_scan_actions[22m | watercolor_7_0.jpg[39m[0m
[  68% ] [90m[1m_update_scan_actions[22m | watercolor_8_0.jpg[39m[0m
[  68% ] [90m[1m_update_scan_actions[22m | watercolor_9_0.jpg[39m[0m
[  68% ] [90m[1m_update_scan_actions[22m | watercolor_10_0.jpg[39m[0m
[  69% ] [90m[1m_update_scan_actions[22m | watercolor_11_0.jpg[39m[0m
[  69% ] [90m[1m_update_scan_actions[22m | watercolor_12_0.jpg[39m[0m
[  69% ] [90m[1m_update_scan_actions[22m | letter-office-front.jpg[39m[0m
[  69% ] [90m[1m_update_scan_actions[22m | lookout-terrace.jpg[39m[0m
[  69% ] [90m[1m_update_scan_actions[22m | lookout_approach.png[39m[0m
[  69% ] [90m[1m_update_scan_actions[22m | morning-lemon-stall.jpg[39m[0m
[  69% ] [90m[1m_update_scan_actions[22m | restaurant-afternoon.jpg[39m[0m
[  69% ] [90m[1m_update_scan_actions[22m | station-bench.jpg[39m[0m
[  69% ] [90m[1m_update_scan_actions[22m | original-rags-0.png[39m[0m
[  69% ] [90m[1m_update_scan_actions[22m | original-rags-1.png[39m[0m
[  69% ] [90m[1m_update_scan_actions[22m | original-rags-2.png[39m[0m
[  70% ] [90m[1m_update_scan_actions[22m | original-rags-3.png[39m[0m
[  70% ] [90m[1m_update_scan_actions[22m | painted-papers.png[39m[0m
[  70% ] [90m[1m_update_scan_actions[22m | desk-light-wood.png[39m[0m
[  70% ] [90m[1m_update_scan_actions[22m | desk-wood.png[39m[0m
[  70% ] [90m[1m_update_scan_actions[22m | background.jpg[39m[0m
[  70% ] [90m[1m_update_scan_actions[22m | crying.svg[39m[0m
[  70% ] [90m[1m_update_scan_actions[22m | icon.svg[39m[0m
[  70% ] [90m[1m_update_scan_actions[22m | knife.svg[39m[0m
[  70% ] [90m[1m_update_scan_actions[22m | market-painted.png[39m[0m
[  70% ] [90m[1m_update_scan_actions[22m | moustache.svg[39m[0m
[  70% ] [90m[1m_update_scan_actions[22m | pig.svg[39m[0m
[  71% ] [90m[1m_update_scan_actions[22m | smile.svg[39m[0m
[  71% ] [90m[1m_update_scan_actions[22m | table.svg[39m[0m
[  71% ] [90m[1m_update_scan_actions[22m | preview.png[39m[0m
[  71% ] [90m[1m_update_scan_actions[22m | card-fan-1.ogg[39m[0m
[  71% ] [90m[1m_update_scan_actions[22m | card-fan-2.ogg[39m[0m
[  71% ] [90m[1m_update_scan_actions[22m | card-place-1.ogg[39m[0m
[  71% ] [90m[1m_update_scan_actions[22m | card-place-2.ogg[39m[0m
[  71% ] [90m[1m_update_scan_actions[22m | card-place-3.ogg[39m[0m
[  71% ] [90m[1m_update_scan_actions[22m | card-place-4.ogg[39m[0m
[  71% ] [90m[1m_update_scan_actions[22m | card-shove-1.ogg[39m[0m
[  71% ] [90m[1m_update_scan_actions[22m | card-shove-2.ogg[39m[0m
[  72% ] [90m[1m_update_scan_actions[22m | card-shove-3.ogg[39m[0m
[  72% ] [90m[1m_update_scan_actions[22m | card-shove-4.ogg[39m[0m
[  72% ] [90m[1m_update_scan_actions[22m | card-shuffle.ogg[39m[0m
[  72% ] [90m[1m_update_scan_actions[22m | card-slide-1.ogg[39m[0m
[  72% ] [90m[1m_update_scan_actions[22m | card-slide-2.ogg[39m[0m
[  72% ] [90m[1m_update_scan_actions[22m | card-slide-3.ogg[39m[0m
[  72% ] [90m[1m_update_scan_actions[22m | card-slide-4.ogg[39m[0m
[  72% ] [90m[1m_update_scan_actions[22m | card-slide-5.ogg[39m[0m
[  72% ] [90m[1m_update_scan_actions[22m | card-slide-6.ogg[39m[0m
[  72% ] [90m[1m_update_scan_actions[22m | card-slide-7.ogg[39m[0m
[  72% ] [90m[1m_update_scan_actions[22m | card-slide-8.ogg[39m[0m
[  73% ] [90m[1m_update_scan_actions[22m | fan-spread.wav[39m[0m
[  73% ] [90m[1m_update_scan_actions[22m | place-tight-1.wav[39m[0m
[  73% ] [90m[1m_update_scan_actions[22m | place-tight-2.wav[39m[0m
[  73% ] [90m[1m_update_scan_actions[22m | shuffle-stroke.wav[39m[0m
[  73% ] [90m[1m_update_scan_actions[22m | slide-tight-1.wav[39m[0m
[  73% ] [90m[1m_update_scan_actions[22m | slide-tight-2.wav[39m[0m
[  73% ] [90m[1m_update_scan_actions[22m | 01-TEMPERANCE-back.png[39m[0m
[  73% ] [90m[1m_update_scan_actions[22m | 01-TEMPERANCE-front.png[39m[0m
[  73% ] [90m[1m_update_scan_actions[22m | 02-THE-EMPEROR-back.png[39m[0m
[  73% ] [90m[1m_update_scan_actions[22m | 02-THE-EMPEROR-front.png[39m[0m
[  73% ] [90m[1m_update_scan_actions[22m | 03-WHEEL-OF-FORTUNE-back.png[39m[0m
[  74% ] [90m[1m_update_scan_actions[22m | 03-WHEEL-OF-FORTUNE-front.png[39m[0m
[  74% ] [90m[1m_update_scan_actions[22m | 04-THE-TOWER-back.png[39m[0m
[  74% ] [90m[1m_update_scan_actions[22m | 04-THE-TOWER-front.png[39m[0m
[  74% ] [90m[1m_update_scan_actions[22m | 05-JUSTICE-back.png[39m[0m
[  74% ] [90m[1m_update_scan_actions[22m | 05-JUSTICE-front.png[39m[0m
[  74% ] [90m[1m_update_scan_actions[22m | 06-THE-MAGICIAN-back.png[39m[0m
[  74% ] [90m[1m_update_scan_actions[22m | 06-THE-MAGICIAN-front.png[39m[0m
[  74% ] [90m[1m_update_scan_actions[22m | 07-THE-CHARIOT-back.png[39m[0m
[  74% ] [90m[1m_update_scan_actions[22m | 07-THE-CHARIOT-front.png[39m[0m
[  74% ] [90m[1m_update_scan_actions[22m | 08-THE-STAR-back.png[39m[0m
[  74% ] [90m[1m_update_scan_actions[22m | 08-THE-STAR-front.png[39m[0m
[  75% ] [90m[1m_update_scan_actions[22m | 09-TWO-OF-CUPS-back.png[39m[0m
[  75% ] [90m[1m_update_scan_actions[22m | 09-TWO-OF-CUPS-front.png[39m[0m
[  75% ] [90m[1m_update_scan_actions[22m | 10-FIVE-OF-CUPS-back.png[39m[0m
[  75% ] [90m[1m_update_scan_actions[22m | 10-FIVE-OF-CUPS-front.png[39m[0m
[  75% ] [90m[1m_update_scan_actions[22m | 11-THE-LOVERS-back.png[39m[0m
[  75% ] [90m[1m_update_scan_actions[22m | 11-THE-LOVERS-front.png[39m[0m
[  75% ] [90m[1m_update_scan_actions[22m | 12-THE-DEVIL-back.png[39m[0m
[  75% ] [90m[1m_update_scan_actions[22m | 12-THE-DEVIL-front.png[39m[0m
[  75% ] [90m[1m_update_scan_actions[22m | 13-FIVE-OF-WANDS-back.png[39m[0m
[  75% ] [90m[1m_update_scan_actions[22m | 13-FIVE-OF-WANDS-front.png[39m[0m
[  75% ] [90m[1m_update_scan_actions[22m | 14-DEATH-back.png[39m[0m
[  76% ] [90m[1m_update_scan_actions[22m | 14-DEATH-front.png[39m[0m
[  76% ] [90m[1m_update_scan_actions[22m | 15-THE-MOON-back.png[39m[0m
[  76% ] [90m[1m_update_scan_actions[22m | 15-THE-MOON-front.png[39m[0m
[  76% ] [90m[1m_update_scan_actions[22m | 16-THE-HANGED-MAN-back.png[39m[0m
[  76% ] [90m[1m_update_scan_actions[22m | 16-THE-HANGED-MAN-front.png[39m[0m
[  76% ] [90m[1m_update_scan_actions[22m | 17-JUDGEMENT-back.png[39m[0m
[  76% ] [90m[1m_update_scan_actions[22m | 17-JUDGEMENT-front.png[39m[0m
[  76% ] [90m[1m_update_scan_actions[22m | 18-HIGH-PRIESTESS-back.png[39m[0m
[  76% ] [90m[1m_update_scan_actions[22m | 18-HIGH-PRIESTESS-front.png[39m[0m
[  76% ] [90m[1m_update_scan_actions[22m | candle-v2.png[39m[0m
[  76% ] [90m[1m_update_scan_actions[22m | curtains-v2.png[39m[0m
[  77% ] [90m[1m_update_scan_actions[22m | room-backdrop-v2.png[39m[0m
[  77% ] [90m[1m_update_scan_actions[22m | speech-bubble-v2.png[39m[0m
[  77% ] [90m[1m_update_scan_actions[22m | tabletop-v2.png[39m[0m
[  77% ] [90m[1m_update_scan_actions[22m | tarot-reader-original.png[39m[0m
[  77% ] [90m[1m_update_scan_actions[22m | common-back-reference.jpg[39m[0m
[  77% ] [90m[1m_update_scan_actions[22m | tablecloth.jpg[39m[0m
[  77% ] [90m[1m_update_scan_actions[22m | chime_placeholder.wav[39m[0m
[  77% ] [90m[1m_update_scan_actions[22m | soft_waves_placeholder.wav[39m[0m
[  77% ] [90m[1m_update_scan_actions[22m | lookout_coast_night.png[39m[0m
[  77% ] [90m[1m_update_scan_actions[22m | lookout_platform_supplied.jpg[39m[0m
[  77% ] [90m[1m_update_scan_actions[22m | lookout_screen_supplied.jpg[39m[0m
[  78% ] [90m[1m_update_scan_actions[22m | observatory_placeholder.svg[39m[0m
[  78% ] [90m[1m_update_scan_actions[22m | observatory_scene.jpg[39m[0m
[  78% ] [90m[1m_update_scan_actions[22m | observatory_scene_hd.png[39m[0m
[  78% ] [90m[1m_update_scan_actions[22m | photo_placeholder.svg[39m[0m
[  78% ] [90m[1m_update_scan_actions[22m | casa.jpg[39m[0m
[  78% ] [90m[1m_update_scan_actions[22m | crab.glb[39m[0m
[  78% ] [90m[1m_update_scan_actions[22m | crab.jpg[39m[0m
[  78% ] [90m[1m_update_scan_actions[22m | cygnus_loop.glb[39m[0m
[  78% ] [90m[1m_update_scan_actions[22m | cygnus_loop.jpg[39m[0m
[  78% ] [90m[1m_update_scan_actions[22m | eta_carinae.jpg[39m[0m
[  78% ] [90m[1m_update_scan_actions[22m | orion.jpg[39m[0m
[  79% ] [90m[1m_update_scan_actions[22m | pillars.jpg[39m[0m
[  79% ] [90m[1m_update_scan_actions[22m | 01_seaside.jpg[39m[0m
[  79% ] [90m[1m_update_scan_actions[22m | 02_night_towers.jpg[39m[0m
[  79% ] [90m[1m_update_scan_actions[22m | bell_01.wav[39m[0m
[  79% ] [90m[1m_update_scan_actions[22m | boil_01.wav[39m[0m
[  79% ] [90m[1m_update_scan_actions[22m | boil_02.wav[39m[0m
[  79% ] [90m[1m_update_scan_actions[22m | chop_01.wav[39m[0m
[  79% ] [90m[1m_update_scan_actions[22m | chop_02.wav[39m[0m
[  79% ] [90m[1m_update_scan_actions[22m | chop_03.wav[39m[0m
[  79% ] [90m[1m_update_scan_actions[22m | chop_hard_01.wav[39m[0m
[  79% ] [90m[1m_update_scan_actions[22m | chop_soft_01.wav[39m[0m
[  80% ] [90m[1m_update_scan_actions[22m | drain_01.wav[39m[0m
[  80% ] [90m[1m_update_scan_actions[22m | drop_01.wav[39m[0m
[  80% ] [90m[1m_update_scan_actions[22m | drop_dry_01.wav[39m[0m
[  80% ] [90m[1m_update_scan_actions[22m | egg_crack_01.wav[39m[0m
[  80% ] [90m[1m_update_scan_actions[22m | flame_01.wav[39m[0m
[  80% ] [90m[1m_update_scan_actions[22m | fry_egg_01.wav[39m[0m
[  80% ] [90m[1m_update_scan_actions[22m | fry_egg_02.wav[39m[0m
[  80% ] [90m[1m_update_scan_actions[22m | fry_meat_01.wav[39m[0m
[  80% ] [90m[1m_update_scan_actions[22m | fry_vegetable_01.wav[39m[0m
[  80% ] [90m[1m_update_scan_actions[22m | fry_vegetable_02.wav[39m[0m
[  80% ] [90m[1m_update_scan_actions[22m | hot_drop_01.wav[39m[0m
[  81% ] [90m[1m_update_scan_actions[22m | ignite_01.wav[39m[0m
[  81% ] [90m[1m_update_scan_actions[22m | lid_close_01.wav[39m[0m
[  81% ] [90m[1m_update_scan_actions[22m | lid_land_01.wav[39m[0m
[  81% ] [90m[1m_update_scan_actions[22m | lid_pop_01.wav[39m[0m
[  81% ] [90m[1m_update_scan_actions[22m | lid_tick_01.wav[39m[0m
[  81% ] [90m[1m_update_scan_actions[22m | pan_01.wav[39m[0m
[  81% ] [90m[1m_update_scan_actions[22m | paper_01.wav[39m[0m
[  81% ] [90m[1m_update_scan_actions[22m | paper_02.wav[39m[0m
[  81% ] [90m[1m_update_scan_actions[22m | pour_01.wav[39m[0m
[  81% ] [90m[1m_update_scan_actions[22m | pour_oil_01.wav[39m[0m
[  81% ] [90m[1m_update_scan_actions[22m | pour_oil_02.wav[39m[0m
[  82% ] [90m[1m_update_scan_actions[22m | powder_01.wav[39m[0m
[  82% ] [90m[1m_update_scan_actions[22m | powder_02.wav[39m[0m
[  82% ] [90m[1m_update_scan_actions[22m | powder_pepper_01.wav[39m[0m
[  82% ] [90m[1m_update_scan_actions[22m | serve_01.wav[39m[0m
[  82% ] [90m[1m_update_scan_actions[22m | simmer_sauce_01.wav[39m[0m
[  82% ] [90m[1m_update_scan_actions[22m | simmer_sauce_02.wav[39m[0m
[  82% ] [90m[1m_update_scan_actions[22m | squeeze_01.wav[39m[0m
[  82% ] [90m[1m_update_scan_actions[22m | steam_release_01.wav[39m[0m
[  82% ] [90m[1m_update_scan_actions[22m | stir_dry_01.wav[39m[0m
[  82% ] [90m[1m_update_scan_actions[22m | stir_dry_02.wav[39m[0m
[  82% ] [90m[1m_update_scan_actions[22m | stir_metal_01.wav[39m[0m
[  83% ] [90m[1m_update_scan_actions[22m | stir_metal_02.wav[39m[0m
[  83% ] [90m[1m_update_scan_actions[22m | stir_pasta_01.wav[39m[0m
[  83% ] [90m[1m_update_scan_actions[22m | stir_pasta_02.wav[39m[0m
[  83% ] [90m[1m_update_scan_actions[22m | stir_sauce_01.wav[39m[0m
[  83% ] [90m[1m_update_scan_actions[22m | stir_water_01.wav[39m[0m
[  83% ] [90m[1m_update_scan_actions[22m | stir_water_02.wav[39m[0m
[  83% ] [90m[1m_update_scan_actions[22m | stir_wet_01.wav[39m[0m
[  83% ] [90m[1m_update_scan_actions[22m | stir_wet_02.wav[39m[0m
[  83% ] [90m[1m_update_scan_actions[22m | stir_wood_01.wav[39m[0m
[  83% ] [90m[1m_update_scan_actions[22m | stir_wood_02.wav[39m[0m
[  83% ] [90m[1m_update_scan_actions[22m | stir_wood_03.wav[39m[0m
[  84% ] [90m[1m_update_scan_actions[22m | tap_01.wav[39m[0m
[  84% ] [90m[1m_update_scan_actions[22m | toss_01.wav[39m[0m
[  84% ] [90m[1m_update_scan_actions[22m | toss_02.wav[39m[0m
[  84% ] [90m[1m_update_scan_actions[22m | water_01.wav[39m[0m
[  84% ] [90m[1m_update_scan_actions[22m | wipe_01.wav[39m[0m
[  84% ] [90m[1m_update_scan_actions[22m | wipe_02.wav[39m[0m
[  84% ] [90m[1m_update_scan_actions[22m | counter_patch.png[39m[0m
[  84% ] [90m[1m_update_scan_actions[22m | flat_interiors.png[39m[0m
[  84% ] [90m[1m_update_scan_actions[22m | pantry_interiors.png[39m[0m
[  84% ] [90m[1m_update_scan_actions[22m | roots.png[39m[0m
[  84% ] [90m[1m_update_scan_actions[22m | vegetables.png[39m[0m
[  85% ] [90m[1m_update_scan_actions[22m | tomato.png[39m[0m
[  85% ] [90m[1m_update_scan_actions[22m | lxgw_wenkai_lite.ttf[39m[0m
[  85% ] [90m[1m_update_scan_actions[22m | noto_sans_sc.ttf[39m[0m
[  85% ] [90m[1m_update_scan_actions[22m | noto_serif_sc.ttf[39m[0m
[  85% ] [90m[1m_update_scan_actions[22m | alarm_clock.png[39m[0m
[  85% ] [90m[1m_update_scan_actions[22m | confetti.png[39m[0m
[  85% ] [90m[1m_update_scan_actions[22m | dentures.png[39m[0m
[  85% ] [90m[1m_update_scan_actions[22m | eraser.png[39m[0m
[  85% ] [90m[1m_update_scan_actions[22m | ketchup.png[39m[0m
[  85% ] [90m[1m_update_scan_actions[22m | mushroom.png[39m[0m
[  85% ] [90m[1m_update_scan_actions[22m | mustard.png[39m[0m
[  86% ] [90m[1m_update_scan_actions[22m | oil.png[39m[0m
[  86% ] [90m[1m_update_scan_actions[22m | pepper.png[39m[0m
[  86% ] [90m[1m_update_scan_actions[22m | resignation_letter.png[39m[0m
[  86% ] [90m[1m_update_scan_actions[22m | salt.png[39m[0m
[  86% ] [90m[1m_update_scan_actions[22m | soap.png[39m[0m
[  86% ] [90m[1m_update_scan_actions[22m | soap_smooth.png[39m[0m
[  86% ] [90m[1m_update_scan_actions[22m | sock.png[39m[0m
[  86% ] [90m[1m_update_scan_actions[22m | sponge.png[39m[0m
[  86% ] [90m[1m_update_scan_actions[22m | tennis_ball.png[39m[0m
[  86% ] [90m[1m_update_scan_actions[22m | toilet_paper.png[39m[0m
[  86% ] [90m[1m_update_scan_actions[22m | toothpaste.png[39m[0m
[  87% ] [90m[1m_update_scan_actions[22m | yarn_ball.png[39m[0m
[  87% ] [90m[1m_update_scan_actions[22m | ivory_fibers.png[39m[0m
[  87% ] [90m[1m_update_scan_actions[22m | alarm_clock.png[39m[0m
[  87% ] [90m[1m_update_scan_actions[22m | apple.png[39m[0m
[  87% ] [90m[1m_update_scan_actions[22m | banana.png[39m[0m
[  87% ] [90m[1m_update_scan_actions[22m | baseball_bat.png[39m[0m
[  87% ] [90m[1m_update_scan_actions[22m | bean_sprout.png[39m[0m
[  87% ] [90m[1m_update_scan_actions[22m | beef.png[39m[0m
[  87% ] [90m[1m_update_scan_actions[22m | bell_pepper_brown.png[39m[0m
[  87% ] [90m[1m_update_scan_actions[22m | bell_pepper_gold.png[39m[0m
[  87% ] [90m[1m_update_scan_actions[22m | bell_pepper_green.png[39m[0m
[  88% ] [90m[1m_update_scan_actions[22m | bell_pepper_lavender.png[39m[0m
[  88% ] [90m[1m_update_scan_actions[22m | bell_pepper_orange.png[39m[0m
[  88% ] [90m[1m_update_scan_actions[22m | bell_pepper_purple.png[39m[0m
[  88% ] [90m[1m_update_scan_actions[22m | bell_pepper_white.png[39m[0m
[  88% ] [90m[1m_update_scan_actions[22m | bell_pepper_yellow.png[39m[0m
[  88% ] [90m[1m_update_scan_actions[22m | bitter_melon.png[39m[0m
[  88% ] [90m[1m_update_scan_actions[22m | blue_cheese.png[39m[0m
[  88% ] [90m[1m_update_scan_actions[22m | bread.png[39m[0m
[  88% ] [90m[1m_update_scan_actions[22m | broccoli.png[39m[0m
[  88% ] [90m[1m_update_scan_actions[22m | butter.png[39m[0m
[  88% ] [90m[1m_update_scan_actions[22m | button.png[39m[0m
[  89% ] [90m[1m_update_scan_actions[22m | cabbage.png[39m[0m
[  89% ] [90m[1m_update_scan_actions[22m | candle.png[39m[0m
[  89% ] [90m[1m_update_scan_actions[22m | carrot.png[39m[0m
[  89% ] [90m[1m_update_scan_actions[22m | century_egg.png[39m[0m
[  89% ] [90m[1m_update_scan_actions[22m | cheese.png[39m[0m
[  89% ] [90m[1m_update_scan_actions[22m | chicken.png[39m[0m
[  89% ] [90m[1m_update_scan_actions[22m | chili.png[39m[0m
[  89% ] [90m[1m_update_scan_actions[22m | chili_sauce.png[39m[0m
[  89% ] [90m[1m_update_scan_actions[22m | chocolate.png[39m[0m
[  89% ] [90m[1m_update_scan_actions[22m | computer_mouse.png[39m[0m
[  89% ] [90m[1m_update_scan_actions[22m | confetti.png[39m[0m
[  90% ] [90m[1m_update_scan_actions[22m | corn.png[39m[0m
[  90% ] [90m[1m_update_scan_actions[22m | cucumber.png[39m[0m
[  90% ] [90m[1m_update_scan_actions[22m | cumin.png[39m[0m
[  90% ] [90m[1m_update_scan_actions[22m | curry.png[39m[0m
[  90% ] [90m[1m_update_scan_actions[22m | dentures.png[39m[0m
[  90% ] [90m[1m_update_scan_actions[22m | doll.png[39m[0m
[  90% ] [90m[1m_update_scan_actions[22m | durian.png[39m[0m
[  90% ] [90m[1m_update_scan_actions[22m | egg.png[39m[0m
[  90% ] [90m[1m_update_scan_actions[22m | eggplant.png[39m[0m
[  90% ] [90m[1m_update_scan_actions[22m | eraser.png[39m[0m
[  90% ] [90m[1m_update_scan_actions[22m | garlic.png[39m[0m
[  91% ] [90m[1m_update_scan_actions[22m | ginger.png[39m[0m
[  91% ] [90m[1m_update_scan_actions[22m | grapes.png[39m[0m
[  91% ] [90m[1m_update_scan_actions[22m | honey.png[39m[0m
[  91% ] [90m[1m_update_scan_actions[22m | houttuynia.png[39m[0m
[  91% ] [90m[1m_update_scan_actions[22m | ice_cream.png[39m[0m
[  91% ] [90m[1m_update_scan_actions[22m | ketchup.png[39m[0m
[  91% ] [90m[1m_update_scan_actions[22m | lemon.png[39m[0m
[  91% ] [90m[1m_update_scan_actions[22m | lettuce.png[39m[0m
[  91% ] [90m[1m_update_scan_actions[22m | lipstick.png[39m[0m
[  91% ] [90m[1m_update_scan_actions[22m | lotus_root.png[39m[0m
[  91% ] [90m[1m_update_scan_actions[22m | mango.png[39m[0m
[  92% ] [90m[1m_update_scan_actions[22m | mayonnaise.png[39m[0m
[  92% ] [90m[1m_update_scan_actions[22m | milk.png[39m[0m
[  92% ] [90m[1m_update_scan_actions[22m | miso.png[39m[0m
[  92% ] [90m[1m_update_scan_actions[22m | mushroom.png[39m[0m
[  92% ] [90m[1m_update_scan_actions[22m | mussel.png[39m[0m
[  92% ] [90m[1m_update_scan_actions[22m | mustard.png[39m[0m
[  92% ] [90m[1m_update_scan_actions[22m | natto.png[39m[0m
[  92% ] [90m[1m_update_scan_actions[22m | noodles.png[39m[0m
[  92% ] [90m[1m_update_scan_actions[22m | oil.png[39m[0m
[  92% ] [90m[1m_update_scan_actions[22m | onion.png[39m[0m
[  92% ] [90m[1m_update_scan_actions[22m | paper.png[39m[0m
[  93% ] [90m[1m_update_scan_actions[22m | peach.png[39m[0m
[  93% ] [90m[1m_update_scan_actions[22m | pepper.png[39m[0m
[  93% ] [90m[1m_update_scan_actions[22m | perfume.png[39m[0m
[  93% ] [90m[1m_update_scan_actions[22m | pork.png[39m[0m
[  93% ] [90m[1m_update_scan_actions[22m | potato.png[39m[0m
[  93% ] [90m[1m_update_scan_actions[22m | pumpkin.png[39m[0m
[  93% ] [90m[1m_update_scan_actions[22m | resignation_letter.png[39m[0m
[  93% ] [90m[1m_update_scan_actions[22m | rock.png[39m[0m
[  93% ] [90m[1m_update_scan_actions[22m | rubber_duck.png[39m[0m
[  93% ] [90m[1m_update_scan_actions[22m | salt.png[39m[0m
[  93% ] [90m[1m_update_scan_actions[22m | sausage.png[39m[0m
[  94% ] [90m[1m_update_scan_actions[22m | seaweed.png[39m[0m
[  94% ] [90m[1m_update_scan_actions[22m | sesame_oil.png[39m[0m
[  94% ] [90m[1m_update_scan_actions[22m | shrimp.png[39m[0m
[  94% ] [90m[1m_update_scan_actions[22m | slipper.png[39m[0m
[  94% ] [90m[1m_update_scan_actions[22m | soap.png[39m[0m
[  94% ] [90m[1m_update_scan_actions[22m | soap_smooth.png[39m[0m
[  94% ] [90m[1m_update_scan_actions[22m | sock.png[39m[0m
[  94% ] [90m[1m_update_scan_actions[22m | soy_sauce.png[39m[0m
[  94% ] [90m[1m_update_scan_actions[22m | spinach.png[39m[0m
[  94% ] [90m[1m_update_scan_actions[22m | sponge.png[39m[0m
[  94% ] [90m[1m_update_scan_actions[22m | spring.png[39m[0m
[  95% ] [90m[1m_update_scan_actions[22m | squid.png[39m[0m
[  95% ] [90m[1m_update_scan_actions[22m | stinky_tofu.png[39m[0m
[  95% ] [90m[1m_update_scan_actions[22m | strawberry.png[39m[0m
[  95% ] [90m[1m_update_scan_actions[22m | sugar.png[39m[0m
[  95% ] [90m[1m_update_scan_actions[22m | tapioca.png[39m[0m
[  95% ] [90m[1m_update_scan_actions[22m | tea.png[39m[0m
[  95% ] [90m[1m_update_scan_actions[22m | tennis_ball.png[39m[0m
[  95% ] [90m[1m_update_scan_actions[22m | tofu.png[39m[0m
[  95% ] [90m[1m_update_scan_actions[22m | toilet_paper.png[39m[0m
[  95% ] [90m[1m_update_scan_actions[22m | tomato.png[39m[0m
[  95% ] [90m[1m_update_scan_actions[22m | toothpaste.png[39m[0m
[  96% ] [90m[1m_update_scan_actions[22m | toy_brick.png[39m[0m
[  96% ] [90m[1m_update_scan_actions[22m | vinegar.png[39m[0m
[  96% ] [90m[1m_update_scan_actions[22m | watermelon.png[39m[0m
[  96% ] [90m[1m_update_scan_actions[22m | yarn_ball.png[39m[0m
[  96% ] [90m[1m_update_scan_actions[22m | yogurt.png[39m[0m
[  96% ] [90m[1m_update_scan_actions[22m | zucchini.png[39m[0m
[  96% ] [90m[1m_update_scan_actions[22m | herbs.png[39m[0m
[  96% ] [90m[1m_update_scan_actions[22m | sea_beans.png[39m[0m
[  96% ] [90m[1m_update_scan_actions[22m | star_salt.png[39m[0m
[  96% ] [90m[1m_update_scan_actions[22m | faucet.png[39m[0m
[  96% ] [90m[1m_update_scan_actions[22m | flat_foods_a.png[39m[0m
[  97% ] [90m[1m_update_scan_actions[22m | flat_foods_b.png[39m[0m
[  97% ] [90m[1m_update_scan_actions[22m | flat_foods_c.png[39m[0m
[  97% ] [90m[1m_update_scan_actions[22m | flat_foods_d.png[39m[0m
[  97% ] [90m[1m_update_scan_actions[22m | skillet.png[39m[0m
[  97% ] [90m[1m_update_scan_actions[22m | staples.png[39m[0m
[  97% ] [90m[1m_update_scan_actions[22m | bell_pepper_brown.jpg[39m[0m
[  97% ] [90m[1m_update_scan_actions[22m | bell_pepper_gold.jpg[39m[0m
[  97% ] [90m[1m_update_scan_actions[22m | bell_pepper_green.jpg[39m[0m
[  97% ] [90m[1m_update_scan_actions[22m | bell_pepper_lavender.jpg[39m[0m
[  97% ] [90m[1m_update_scan_actions[22m | bell_pepper_orange.jpg[39m[0m
[  97% ] [90m[1m_update_scan_actions[22m | bell_pepper_purple.jpg[39m[0m
[  98% ] [90m[1m_update_scan_actions[22m | bell_pepper_white.jpg[39m[0m
[  98% ] [90m[1m_update_scan_actions[22m | bell_pepper_yellow.jpg[39m[0m
[  98% ] [90m[1m_update_scan_actions[22m | carrot.jpg[39m[0m
[  98% ] [90m[1m_update_scan_actions[22m | eggplant.jpg[39m[0m
[  98% ] [90m[1m_update_scan_actions[22m | onion.jpg[39m[0m
[  98% ] [90m[1m_update_scan_actions[22m | potato.jpg[39m[0m
[  98% ] [90m[1m_update_scan_actions[22m | zucchini.jpg[39m[0m
[  98% ] [90m[1m_update_scan_actions[22m | customers.png[39m[0m
[  98% ] [90m[1m_update_scan_actions[22m | food_atlas_1.png[39m[0m
[  98% ] [90m[1m_update_scan_actions[22m | food_atlas_2.png[39m[0m
[  98% ] [90m[1m_update_scan_actions[22m | food_atlas_3.png[39m[0m
[  99% ] [90m[1m_update_scan_actions[22m | food_atlas_4.png[39m[0m
[  99% ] [90m[1m_update_scan_actions[22m | food_atlas_5.png[39m[0m
[  99% ] [90m[1m_update_scan_actions[22m | kitchen_daylight.png[39m[0m
[  99% ] [90m[1m_update_scan_actions[22m | kitchen_daylight_mediterranean.png[39m[0m
[  99% ] [90m[1m_update_scan_actions[22m | kitchen_props.png[39m[0m
[  99% ] [90m[1m_update_scan_actions[22m | kitchen_reference_no_recipe_stand.png[39m[0m
[  99% ] [90m[1m_update_scan_actions[22m | kitchen_reference_playable.png[39m[0m
[  99% ] [90m[1m_update_scan_actions[22m | odd_objects.png[39m[0m
[  99% ] [90m[1m_update_scan_actions[22m | completion-dialogue.png[39m[0m
[92m[ DONE ][39m [1m_update_scan_actions[22m
[0m
[   0% ] [90m[1mreimport[22m | Started (Re)Importing Assets (1094 steps)[39m[0m
[   0% ] [90m[1mreimport[22m | Preparing files to reimport...[39m[0m
[   0% ] [90m[1mreimport[22m | Preparing files to reimport...[39m[0m
[   0% ] [90m[1mreimport[22m | Preparing files to reimport...[39m[0m
[   0% ] [90m[1mreimport[22m | Preparing files to reimport...[39m[0m
[   0% ] [90m[1mreimport[22m | Preparing files to reimport...[39m[0m
[   0% ] [90m[1mreimport[22m | Preparing files to reimport...[39m[0m
[   0% ] [90m[1mreimport[22m | Preparing files to reimport...[39m[0m
[   0% ] [90m[1mreimport[22m | Preparing files to reimport...[39m[0m
[   0% ] [90m[1mreimport[22m | Preparing files to reimport...[39m[0m
[   0% ] [90m[1mreimport[22m | Preparing files to reimport...[39m[0m
[   0% ] [90m[1mreimport[22m | Preparing files to reimport...[39m[0m
[   1% ] [90m[1mreimport[22m | Preparing files to reimport...[39m[0m
[   1% ] [90m[1mreimport[22m | Preparing files to reimport...[39m[0m
[   1% ] [90m[1mreimport[22m | Preparing files to reimport...[39m[0m
[   1% ] [90m[1mreimport[22m | Preparing files to reimport...[39m[0m
[   1% ] [90m[1mreimport[22m | Preparing files to reimport...[39m[0m
[   1% ] [90m[1mreimport[22m | Preparing files to reimport...[39m[0m
[   1% ] [90m[1mreimport[22m | Preparing files to reimport...[39m[0m
[   1% ] [90m[1mreimport[22m | Preparing files to reimport...[39m[0m
[   1% ] [90m[1mreimport[22m | Preparing files to reimport...[39m[0m
[   1% ] [90m[1mreimport[22m | Preparing files to reimport...[39m[0m
[   1% ] [90m[1mreimport[22m | Preparing files to reimport...[39m[0m
[   2% ] [90m[1mreimport[22m | Preparing files to reimport...[39m[0m
[   2% ] [90m[1mreimport[22m | Preparing files to reimport...[39m[0m
[   2% ] [90m[1mreimport[22m | Preparing files to reimport...[39m[0m
[   2% ] [90m[1mreimport[22m | Preparing files to reimport...[39m[0m
[   2% ] [90m[1mreimport[22m | Preparing files to reimport...[39m[0m
[   2% ] [90m[1mreimport[22m | Preparing files to reimport...[39m[0m
[   2% ] [90m[1mreimport[22m | Preparing files to reimport...[39m[0m
[   2% ] [90m[1mreimport[22m | Preparing files to reimport...[39m[0m
[   2% ] [90m[1mreimport[22m | Preparing files to reimport...[39m[0m
[   2% ] [90m[1mreimport[22m | Preparing files to reimport...[39m[0m
[   2% ] [90m[1mreimport[22m | Preparing files to reimport...[39m[0m
[   3% ] [90m[1mreimport[22m | Preparing files to reimport...[39m[0m
[   3% ] [90m[1mreimport[22m | Preparing files to reimport...[39m[0m
[   3% ] [90m[1mreimport[22m | Preparing files to reimport...[39m[0m
[   3% ] [90m[1mreimport[22m | Preparing files to reimport...[39m[0m
[   3% ] [90m[1mreimport[22m | Preparing files to reimport...[39m[0m
[   3% ] [90m[1mreimport[22m | Preparing files to reimport...[39m[0m
[   3% ] [90m[1mreimport[22m | Preparing files to reimport...[39m[0m
[   3% ] [90m[1mreimport[22m | Preparing files to reimport...[39m[0m
[   3% ] [90m[1mreimport[22m | Preparing files to reimport...[39m[0m
[   3% ] [90m[1mreimport[22m | Preparing files to reimport...[39m[0m
[   3% ] [90m[1mreimport[22m | Preparing files to reimport...[39m[0m
[   4% ] [90m[1mreimport[22m | Preparing files to reimport...[39m[0m
[   4% ] [90m[1mreimport[22m | Preparing files to reimport...[39m[0m
[   4% ] [90m[1mreimport[22m | Preparing files to reimport...[39m[0m
[   4% ] [90m[1mreimport[22m | Preparing files to reimport...[39m[0m
[   4% ] [90m[1mreimport[22m | Preparing files to reimport...[39m[0m
[   4% ] [90m[1mreimport[22m | Preparing files to reimport...[39m[0m
[   4% ] [90m[1mreimport[22m | Preparing files to reimport...[39m[0m
[   4% ] [90m[1mreimport[22m | Preparing files to reimport...[39m[0m
[   4% ] [90m[1mreimport[22m | Preparing files to reimport...[39m[0m
[   4% ] [90m[1mreimport[22m | Preparing files to reimport...[39m[0m
[   4% ] [90m[1mreimport[22m | Preparing files to reimport...[39m[0m
[   5% ] [90m[1mreimport[22m | Preparing files to reimport...[39m[0m
[   5% ] [90m[1mreimport[22m | Preparing files to reimport...[39m[0m
[   5% ] [90m[1mreimport[22m | Preparing files to reimport...[39m[0m
[   5% ] [90m[1mreimport[22m | Preparing files to reimport...[39m[0m
[   5% ] [90m[1mreimport[22m | Preparing files to reimport...[39m[0m
[   5% ] [90m[1mreimport[22m | Preparing files to reimport...[39m[0m
[   5% ] [90m[1mreimport[22m | Preparing files to reimport...[39m[0m
[   5% ] [90m[1mreimport[22m | Preparing files to reimport...[39m[0m
[   5% ] [90m[1mreimport[22m | Preparing files to reimport...[39m[0m
[   5% ] [90m[1mreimport[22m | Preparing files to reimport...[39m[0m
[   5% ] [90m[1mreimport[22m | Preparing files to reimport...[39m[0m
[   6% ] [90m[1mreimport[22m | Preparing files to reimport...[39m[0m
[   6% ] [90m[1mreimport[22m | Preparing files to reimport...[39m[0m
[   6% ] [90m[1mreimport[22m | Preparing files to reimport...[39m[0m
[   6% ] [90m[1mreimport[22m | Preparing files to reimport...[39m[0m
[   6% ] [90m[1mreimport[22m | Preparing files to reimport...[39m[0m
[   6% ] [90m[1mreimport[22m | Preparing files to reimport...[39m[0m
[   6% ] [90m[1mreimport[22m | Preparing files to reimport...[39m[0m
[   6% ] [90m[1mreimport[22m | Preparing files to reimport...[39m[0m
[   6% ] [90m[1mreimport[22m | Preparing files to reimport...[39m[0m
[   6% ] [90m[1mreimport[22m | Preparing files to reimport...[39m[0m
[   6% ] [90m[1mreimport[22m | Preparing files to reimport...[39m[0m
[   7% ] [90m[1mreimport[22m | Preparing files to reimport...[39m[0m
[   7% ] [90m[1mreimport[22m | Preparing files to reimport...[39m[0m
[   7% ] [90m[1mreimport[22m | Preparing files to reimport...[39m[0m
[   7% ] [90m[1mreimport[22m | Preparing files to reimport...[39m[0m
[   7% ] [90m[1mreimport[22m | Preparing files to reimport...[39m[0m
[   7% ] [90m[1mreimport[22m | Preparing files to reimport...[39m[0m
[   7% ] [90m[1mreimport[22m | Preparing files to reimport...[39m[0m
[   7% ] [90m[1mreimport[22m | Preparing files to reimport...[39m[0m
[   7% ] [90m[1mreimport[22m | Preparing files to reimport...[39m[0m
[   7% ] [90m[1mreimport[22m | Preparing files to reimport...[39m[0m
[   7% ] [90m[1mreimport[22m | Preparing files to reimport...[39m[0m
[   8% ] [90m[1mreimport[22m | Preparing files to reimport...[39m[0m
[   8% ] [90m[1mreimport[22m | Preparing files to reimport...[39m[0m
[   8% ] [90m[1mreimport[22m | Preparing files to reimport...[39m[0m
[   8% ] [90m[1mreimport[22m | Preparing files to reimport...[39m[0m
[   8% ] [90m[1mreimport[22m | Preparing files to reimport...[39m[0m
[   8% ] [90m[1mreimport[22m | Preparing files to reimport...[39m[0m
[   8% ] [90m[1mreimport[22m | Preparing files to reimport...[39m[0m
[   8% ] [90m[1mreimport[22m | Preparing files to reimport...[39m[0m
[   8% ] [90m[1mreimport[22m | Preparing files to reimport...[39m[0m
[   8% ] [90m[1mreimport[22m | Preparing files to reimport...[39m[0m
[   8% ] [90m[1mreimport[22m | Preparing files to reimport...[39m[0m
[   9% ] [90m[1mreimport[22m | Preparing files to reimport...[39m[0m
[   9% ] [90m[1mreimport[22m | Preparing files to reimport...[39m[0m
[   9% ] [90m[1mreimport[22m | Preparing files to reimport...[39m[0m
[   9% ] [90m[1mreimport[22m | Preparing files to reimport...[39m[0m
[   9% ] [90m[1mreimport[22m | Preparing files to reimport...[39m[0m
[   9% ] [90m[1mreimport[22m | Preparing files to reimport...[39m[0m
[   9% ] [90m[1mreimport[22m | Preparing files to reimport...[39m[0m
[   9% ] [90m[1mreimport[22m | Preparing files to reimport...[39m[0m
[   9% ] [90m[1mreimport[22m | Preparing files to reimport...[39m[0m
[   9% ] [90m[1mreimport[22m | Preparing files to reimport...[39m[0m
[   9% ] [90m[1mreimport[22m | Preparing files to reimport...[39m[0m
[  10% ] [90m[1mreimport[22m | Preparing files to reimport...[39m[0m
[  10% ] [90m[1mreimport[22m | Preparing files to reimport...[39m[0m
[  10% ] [90m[1mreimport[22m | Preparing files to reimport...[39m[0m
[  10% ] [90m[1mreimport[22m | Preparing files to reimport...[39m[0m
[  10% ] [90m[1mreimport[22m | Preparing files to reimport...[39m[0m
[  10% ] [90m[1mreimport[22m | Preparing files to reimport...[39m[0m
[  10% ] [90m[1mreimport[22m | Preparing files to reimport...[39m[0m
[  10% ] [90m[1mreimport[22m | Preparing files to reimport...[39m[0m
[  10% ] [90m[1mreimport[22m | Preparing files to reimport...[39m[0m
[  10% ] [90m[1mreimport[22m | Preparing files to reimport...[39m[0m
[  10% ] [90m[1mreimport[22m | Preparing files to reimport...[39m[0m
[  11% ] [90m[1mreimport[22m | Preparing files to reimport...[39m[0m
[  11% ] [90m[1mreimport[22m | Preparing files to reimport...[39m[0m
[  11% ] [90m[1mreimport[22m | Preparing files to reimport...[39m[0m
[  11% ] [90m[1mreimport[22m | Preparing files to reimport...[39m[0m
[  11% ] [90m[1mreimport[22m | Preparing files to reimport...[39m[0m
[  11% ] [90m[1mreimport[22m | Preparing files to reimport...[39m[0m
[  11% ] [90m[1mreimport[22m | Preparing files to reimport...[39m[0m
[  11% ] [90m[1mreimport[22m | Preparing files to reimport...[39m[0m
[  11% ] [90m[1mreimport[22m | Preparing files to reimport...[39m[0m
[  11% ] [90m[1mreimport[22m | Preparing files to reimport...[39m[0m
[  11% ] [90m[1mreimport[22m | Preparing files to reimport...[39m[0m
[  12% ] [90m[1mreimport[22m | Preparing files to reimport...[39m[0m
[  12% ] [90m[1mreimport[22m | Preparing files to reimport...[39m[0m
[  12% ] [90m[1mreimport[22m | Preparing files to reimport...[39m[0m
[  12% ] [90m[1mreimport[22m | Preparing files to reimport...[39m[0m
[  12% ] [90m[1mreimport[22m | Preparing files to reimport...[39m[0m
[  12% ] [90m[1mreimport[22m | Preparing files to reimport...[39m[0m
[  12% ] [90m[1mreimport[22m | Preparing files to reimport...[39m[0m
[  12% ] [90m[1mreimport[22m | Preparing files to reimport...[39m[0m
[  12% ] [90m[1mreimport[22m | Preparing files to reimport...[39m[0m
[  12% ] [90m[1mreimport[22m | Preparing files to reimport...[39m[0m
[  12% ] [90m[1mreimport[22m | Preparing files to reimport...[39m[0m
[  13% ] [90m[1mreimport[22m | Preparing files to reimport...[39m[0m
[  13% ] [90m[1mreimport[22m | Preparing files to reimport...[39m[0m
[  13% ] [90m[1mreimport[22m | Preparing files to reimport...[39m[0m
[  13% ] [90m[1mreimport[22m | Preparing files to reimport...[39m[0m
[  13% ] [90m[1mreimport[22m | Preparing files to reimport...[39m[0m
[  13% ] [90m[1mreimport[22m | Preparing files to reimport...[39m[0m
[  13% ] [90m[1mreimport[22m | Preparing files to reimport...[39m[0m
[  13% ] [90m[1mreimport[22m | Preparing files to reimport...[39m[0m
[  13% ] [90m[1mreimport[22m | Preparing files to reimport...[39m[0m
[  13% ] [90m[1mreimport[22m | Preparing files to reimport...[39m[0m
[  13% ] [90m[1mreimport[22m | Preparing files to reimport...[39m[0m
[  14% ] [90m[1mreimport[22m | Preparing files to reimport...[39m[0m
[  14% ] [90m[1mreimport[22m | Preparing files to reimport...[39m[0m
[  14% ] [90m[1mreimport[22m | Preparing files to reimport...[39m[0m
[  14% ] [90m[1mreimport[22m | Preparing files to reimport...[39m[0m
[  14% ] [90m[1mreimport[22m | Preparing files to reimport...[39m[0m
[  14% ] [90m[1mreimport[22m | Preparing files to reimport...[39m[0m
[  14% ] [90m[1mreimport[22m | Preparing files to reimport...[39m[0m
[  14% ] [90m[1mreimport[22m | Preparing files to reimport...[39m[0m
[  14% ] [90m[1mreimport[22m | Preparing files to reimport...[39m[0m
[  14% ] [90m[1mreimport[22m | Preparing files to reimport...[39m[0m
[  14% ] [90m[1mreimport[22m | Preparing files to reimport...[39m[0m
[  15% ] [90m[1mreimport[22m | Preparing files to reimport...[39m[0m
[  15% ] [90m[1mreimport[22m | Preparing files to reimport...[39m[0m
[  15% ] [90m[1mreimport[22m | Preparing files to reimport...[39m[0m
[  15% ] [90m[1mreimport[22m | Preparing files to reimport...[39m[0m
[  15% ] [90m[1mreimport[22m | Preparing files to reimport...[39m[0m
[  15% ] [90m[1mreimport[22m | Preparing files to reimport...[39m[0m
[  15% ] [90m[1mreimport[22m | Preparing files to reimport...[39m[0m
[  15% ] [90m[1mreimport[22m | Preparing files to reimport...[39m[0m
[  15% ] [90m[1mreimport[22m | Preparing files to reimport...[39m[0m
[  15% ] [90m[1mreimport[22m | Preparing files to reimport...[39m[0m
[  15% ] [90m[1mreimport[22m | Preparing files to reimport...[39m[0m
[  16% ] [90m[1mreimport[22m | Preparing files to reimport...[39m[0m
[  16% ] [90m[1mreimport[22m | Preparing files to reimport...[39m[0m
[  16% ] [90m[1mreimport[22m | Preparing files to reimport...[39m[0m
[  16% ] [90m[1mreimport[22m | Preparing files to reimport...[39m[0m
[  16% ] [90m[1mreimport[22m | Preparing files to reimport...[39m[0m
[  16% ] [90m[1mreimport[22m | Preparing files to reimport...[39m[0m
[  16% ] [90m[1mreimport[22m | Preparing files to reimport...[39m[0m
[  16% ] [90m[1mreimport[22m | Preparing files to reimport...[39m[0m
[  16% ] [90m[1mreimport[22m | Preparing files to reimport...[39m[0m
[  16% ] [90m[1mreimport[22m | Preparing files to reimport...[39m[0m
[  16% ] [90m[1mreimport[22m | Preparing files to reimport...[39m[0m
[  17% ] [90m[1mreimport[22m | Preparing files to reimport...[39m[0m
[  17% ] [90m[1mreimport[22m | Preparing files to reimport...[39m[0m
[  17% ] [90m[1mreimport[22m | Preparing files to reimport...[39m[0m
[  17% ] [90m[1mreimport[22m | Preparing files to reimport...[39m[0m
[  17% ] [90m[1mreimport[22m | Preparing files to reimport...[39m[0m
[  17% ] [90m[1mreimport[22m | Preparing files to reimport...[39m[0m
[  17% ] [90m[1mreimport[22m | Preparing files to reimport...[39m[0m
[  17% ] [90m[1mreimport[22m | Preparing files to reimport...[39m[0m
[  17% ] [90m[1mreimport[22m | Preparing files to reimport...[39m[0m
[  17% ] [90m[1mreimport[22m | Preparing files to reimport...[39m[0m
[  17% ] [90m[1mreimport[22m | Preparing files to reimport...[39m[0m
[  18% ] [90m[1mreimport[22m | Preparing files to reimport...[39m[0m
[  18% ] [90m[1mreimport[22m | Preparing files to reimport...[39m[0m
[  18% ] [90m[1mreimport[22m | Preparing files to reimport...[39m[0m
[  18% ] [90m[1mreimport[22m | Preparing files to reimport...[39m[0m
[  18% ] [90m[1mreimport[22m | Preparing files to reimport...[39m[0m
[  18% ] [90m[1mreimport[22m | Preparing files to reimport...[39m[0m
[  18% ] [90m[1mreimport[22m | Preparing files to reimport...[39m[0m
[  18% ] [90m[1mreimport[22m | Preparing files to reimport...[39m[0m
[  18% ] [90m[1mreimport[22m | Preparing files to reimport...[39m[0m
[  18% ] [90m[1mreimport[22m | Preparing files to reimport...[39m[0m
[  18% ] [90m[1mreimport[22m | Preparing files to reimport...[39m[0m
[  19% ] [90m[1mreimport[22m | Preparing files to reimport...[39m[0m
[  19% ] [90m[1mreimport[22m | Preparing files to reimport...[39m[0m
[  19% ] [90m[1mreimport[22m | Preparing files to reimport...[39m[0m
[  19% ] [90m[1mreimport[22m | Preparing files to reimport...[39m[0m
[  19% ] [90m[1mreimport[22m | Preparing files to reimport...[39m[0m
[  19% ] [90m[1mreimport[22m | Preparing files to reimport...[39m[0m
[  19% ] [90m[1mreimport[22m | Preparing files to reimport...[39m[0m
[  19% ] [90m[1mreimport[22m | Preparing files to reimport...[39m[0m
[  19% ] [90m[1mreimport[22m | Preparing files to reimport...[39m[0m
[  19% ] [90m[1mreimport[22m | Preparing files to reimport...[39m[0m
[  20% ] [90m[1mreimport[22m | Preparing files to reimport...[39m[0m
[  20% ] [90m[1mreimport[22m | Preparing files to reimport...[39m[0m
[  20% ] [90m[1mreimport[22m | Preparing files to reimport...[39m[0m
[  20% ] [90m[1mreimport[22m | Preparing files to reimport...[39m[0m
[  20% ] [90m[1mreimport[22m | Preparing files to reimport...[39m[0m
[  20% ] [90m[1mreimport[22m | Preparing files to reimport...[39m[0m
[  20% ] [90m[1mreimport[22m | Preparing files to reimport...[39m[0m
[  20% ] [90m[1mreimport[22m | Preparing files to reimport...[39m[0m
[  20% ] [90m[1mreimport[22m | Preparing files to reimport...[39m[0m
[  20% ] [90m[1mreimport[22m | Preparing files to reimport...[39m[0m
[  20% ] [90m[1mreimport[22m | Preparing files to reimport...[39m[0m
[  21% ] [90m[1mreimport[22m | Preparing files to reimport...[39m[0m
[  21% ] [90m[1mreimport[22m | Preparing files to reimport...[39m[0m
[  21% ] [90m[1mreimport[22m | Preparing files to reimport...[39m[0m
[  21% ] [90m[1mreimport[22m | Preparing files to reimport...[39m[0m
[  21% ] [90m[1mreimport[22m | Preparing files to reimport...[39m[0m
[  21% ] [90m[1mreimport[22m | Preparing files to reimport...[39m[0m
[  21% ] [90m[1mreimport[22m | Preparing files to reimport...[39m[0m
[  21% ] [90m[1mreimport[22m | Preparing files to reimport...[39m[0m
[  21% ] [90m[1mreimport[22m | Preparing files to reimport...[39m[0m
[  21% ] [90m[1mreimport[22m | Preparing files to reimport...[39m[0m
[  21% ] [90m[1mreimport[22m | Preparing files to reimport...[39m[0m
[  22% ] [90m[1mreimport[22m | Preparing files to reimport...[39m[0m
[  22% ] [90m[1mreimport[22m | Preparing files to reimport...[39m[0m
[  22% ] [90m[1mreimport[22m | Preparing files to reimport...[39m[0m
[  22% ] [90m[1mreimport[22m | Preparing files to reimport...[39m[0m
[  22% ] [90m[1mreimport[22m | Preparing files to reimport...[39m[0m
[  22% ] [90m[1mreimport[22m | Preparing files to reimport...[39m[0m
[  22% ] [90m[1mreimport[22m | Preparing files to reimport...[39m[0m
[  22% ] [90m[1mreimport[22m | Preparing files to reimport...[39m[0m
[  22% ] [90m[1mreimport[22m | Preparing files to reimport...[39m[0m
[  22% ] [90m[1mreimport[22m | Preparing files to reimport...[39m[0m
[  22% ] [90m[1mreimport[22m | Preparing files to reimport...[39m[0m
[  23% ] [90m[1mreimport[22m | Preparing files to reimport...[39m[0m
[  23% ] [90m[1mreimport[22m | Preparing files to reimport...[39m[0m
[  23% ] [90m[1mreimport[22m | Preparing files to reimport...[39m[0m
[  23% ] [90m[1mreimport[22m | Preparing files to reimport...[39m[0m
[  23% ] [90m[1mreimport[22m | Preparing files to reimport...[39m[0m
[  23% ] [90m[1mreimport[22m | Preparing files to reimport...[39m[0m
[  23% ] [90m[1mreimport[22m | Preparing files to reimport...[39m[0m
[  23% ] [90m[1mreimport[22m | Preparing files to reimport...[39m[0m
[  23% ] [90m[1mreimport[22m | Preparing files to reimport...[39m[0m
[  23% ] [90m[1mreimport[22m | Preparing files to reimport...[39m[0m
[  23% ] [90m[1mreimport[22m | Preparing files to reimport...[39m[0m
[  24% ] [90m[1mreimport[22m | Preparing files to reimport...[39m[0m
[  24% ] [90m[1mreimport[22m | Preparing files to reimport...[39m[0m
[  24% ] [90m[1mreimport[22m | Preparing files to reimport...[39m[0m
[  24% ] [90m[1mreimport[22m | Preparing files to reimport...[39m[0m
[  24% ] [90m[1mreimport[22m | Preparing files to reimport...[39m[0m
[  24% ] [90m[1mreimport[22m | Preparing files to reimport...[39m[0m
[  24% ] [90m[1mreimport[22m | Preparing files to reimport...[39m[0m
[  24% ] [90m[1mreimport[22m | Preparing files to reimport...[39m[0m
[  24% ] [90m[1mreimport[22m | Preparing files to reimport...[39m[0m
[  24% ] [90m[1mreimport[22m | Preparing files to reimport...[39m[0m
[  24% ] [90m[1mreimport[22m | Preparing files to reimport...[39m[0m
[  25% ] [90m[1mreimport[22m | Preparing files to reimport...[39m[0m
[  25% ] [90m[1mreimport[22m | Preparing files to reimport...[39m[0m
[  25% ] [90m[1mreimport[22m | Preparing files to reimport...[39m[0m
[  25% ] [90m[1mreimport[22m | Preparing files to reimport...[39m[0m
[  25% ] [90m[1mreimport[22m | Preparing files to reimport...[39m[0m
[  25% ] [90m[1mreimport[22m | Preparing files to reimport...[39m[0m
[  25% ] [90m[1mreimport[22m | Preparing files to reimport...[39m[0m
[  25% ] [90m[1mreimport[22m | Preparing files to reimport...[39m[0m
[  25% ] [90m[1mreimport[22m | Preparing files to reimport...[39m[0m
[  25% ] [90m[1mreimport[22m | Preparing files to reimport...[39m[0m
[  25% ] [90m[1mreimport[22m | Preparing files to reimport...[39m[0m
[  26% ] [90m[1mreimport[22m | Preparing files to reimport...[39m[0m
[  26% ] [90m[1mreimport[22m | Preparing files to reimport...[39m[0m
[  26% ] [90m[1mreimport[22m | Preparing files to reimport...[39m[0m
[  26% ] [90m[1mreimport[22m | Preparing files to reimport...[39m[0m
[  26% ] [90m[1mreimport[22m | Preparing files to reimport...[39m[0m
[  26% ] [90m[1mreimport[22m | Preparing files to reimport...[39m[0m
[  26% ] [90m[1mreimport[22m | Preparing files to reimport...[39m[0m
[  26% ] [90m[1mreimport[22m | Preparing files to reimport...[39m[0m
[  26% ] [90m[1mreimport[22m | Preparing files to reimport...[39m[0m
[  26% ] [90m[1mreimport[22m | Preparing files to reimport...[39m[0m
[  26% ] [90m[1mreimport[22m | Preparing files to reimport...[39m[0m
[  27% ] [90m[1mreimport[22m | Preparing files to reimport...[39m[0m
[  27% ] [90m[1mreimport[22m | Preparing files to reimport...[39m[0m
[  27% ] [90m[1mreimport[22m | Preparing files to reimport...[39m[0m
[  27% ] [90m[1mreimport[22m | Preparing files to reimport...[39m[0m
[  27% ] [90m[1mreimport[22m | Preparing files to reimport...[39m[0m
[  27% ] [90m[1mreimport[22m | Preparing files to reimport...[39m[0m
[  27% ] [90m[1mreimport[22m | Preparing files to reimport...[39m[0m
[  27% ] [90m[1mreimport[22m | Preparing files to reimport...[39m[0m
[  27% ] [90m[1mreimport[22m | Preparing files to reimport...[39m[0m
[  27% ] [90m[1mreimport[22m | Preparing files to reimport...[39m[0m
[  27% ] [90m[1mreimport[22m | Preparing files to reimport...[39m[0m
[  28% ] [90m[1mreimport[22m | Preparing files to reimport...[39m[0m
[  28% ] [90m[1mreimport[22m | Preparing files to reimport...[39m[0m
[  28% ] [90m[1mreimport[22m | Preparing files to reimport...[39m[0m
[  28% ] [90m[1mreimport[22m | Preparing files to reimport...[39m[0m
[  28% ] [90m[1mreimport[22m | Preparing files to reimport...[39m[0m
[  28% ] [90m[1mreimport[22m | Preparing files to reimport...[39m[0m
[  28% ] [90m[1mreimport[22m | Preparing files to reimport...[39m[0m
[  28% ] [90m[1mreimport[22m | Preparing files to reimport...[39m[0m
[  28% ] [90m[1mreimport[22m | Preparing files to reimport...[39m[0m
[  28% ] [90m[1mreimport[22m | Preparing files to reimport...[39m[0m
[  28% ] [90m[1mreimport[22m | Preparing files to reimport...[39m[0m
[  29% ] [90m[1mreimport[22m | Preparing files to reimport...[39m[0m
[  29% ] [90m[1mreimport[22m | Preparing files to reimport...[39m[0m
[  29% ] [90m[1mreimport[22m | Preparing files to reimport...[39m[0m
[  29% ] [90m[1mreimport[22m | Preparing files to reimport...[39m[0m
[  29% ] [90m[1mreimport[22m | Preparing files to reimport...[39m[0m
[  29% ] [90m[1mreimport[22m | Preparing files to reimport...[39m[0m
[  29% ] [90m[1mreimport[22m | Preparing files to reimport...[39m[0m
[  29% ] [90m[1mreimport[22m | Preparing files to reimport...[39m[0m
[  29% ] [90m[1mreimport[22m | Preparing files to reimport...[39m[0m
[  29% ] [90m[1mreimport[22m | Preparing files to reimport...[39m[0m
[  29% ] [90m[1mreimport[22m | Preparing files to reimport...[39m[0m
[  30% ] [90m[1mreimport[22m | Preparing files to reimport...[39m[0m
[  30% ] [90m[1mreimport[22m | Preparing files to reimport...[39m[0m
[  30% ] [90m[1mreimport[22m | Preparing files to reimport...[39m[0m
[  30% ] [90m[1mreimport[22m | Preparing files to reimport...[39m[0m
[  30% ] [90m[1mreimport[22m | Preparing files to reimport...[39m[0m
[  30% ] [90m[1mreimport[22m | Preparing files to reimport...[39m[0m
[  30% ] [90m[1mreimport[22m | Preparing files to reimport...[39m[0m
[  30% ] [90m[1mreimport[22m | Preparing files to reimport...[39m[0m
[  30% ] [90m[1mreimport[22m | Preparing files to reimport...[39m[0m
[  30% ] [90m[1mreimport[22m | Preparing files to reimport...[39m[0m
[  30% ] [90m[1mreimport[22m | Preparing files to reimport...[39m[0m
[  31% ] [90m[1mreimport[22m | Preparing files to reimport...[39m[0m
[  31% ] [90m[1mreimport[22m | Preparing files to reimport...[39m[0m
[  31% ] [90m[1mreimport[22m | Preparing files to reimport...[39m[0m
[  31% ] [90m[1mreimport[22m | Preparing files to reimport...[39m[0m
[  31% ] [90m[1mreimport[22m | Preparing files to reimport...[39m[0m
[  31% ] [90m[1mreimport[22m | Preparing files to reimport...[39m[0m
[  31% ] [90m[1mreimport[22m | Preparing files to reimport...[39m[0m
[  31% ] [90m[1mreimport[22m | Preparing files to reimport...[39m[0m
[  31% ] [90m[1mreimport[22m | Preparing files to reimport...[39m[0m
[  31% ] [90m[1mreimport[22m | Preparing files to reimport...[39m[0m
[  31% ] [90m[1mreimport[22m | Preparing files to reimport...[39m[0m
[  32% ] [90m[1mreimport[22m | Preparing files to reimport...[39m[0m
[  32% ] [90m[1mreimport[22m | Preparing files to reimport...[39m[0m
[  32% ] [90m[1mreimport[22m | Preparing files to reimport...[39m[0m
[  32% ] [90m[1mreimport[22m | Preparing files to reimport...[39m[0m
[  32% ] [90m[1mreimport[22m | Preparing files to reimport...[39m[0m
[  32% ] [90m[1mreimport[22m | Preparing files to reimport...[39m[0m
[  32% ] [90m[1mreimport[22m | Preparing files to reimport...[39m[0m
[  32% ] [90m[1mreimport[22m | Preparing files to reimport...[39m[0m
[  32% ] [90m[1mreimport[22m | Preparing files to reimport...[39m[0m
[  32% ] [90m[1mreimport[22m | Preparing files to reimport...[39m[0m
[  32% ] [90m[1mreimport[22m | Preparing files to reimport...[39m[0m
[  33% ] [90m[1mreimport[22m | Preparing files to reimport...[39m[0m
[  33% ] [90m[1mreimport[22m | Preparing files to reimport...[39m[0m
[  33% ] [90m[1mreimport[22m | Preparing files to reimport...[39m[0m
[  33% ] [90m[1mreimport[22m | Preparing files to reimport...[39m[0m
[  33% ] [90m[1mreimport[22m | Preparing files to reimport...[39m[0m
[  33% ] [90m[1mreimport[22m | Preparing files to reimport...[39m[0m
[  33% ] [90m[1mreimport[22m | Preparing files to reimport...[39m[0m
[  33% ] [90m[1mreimport[22m | Preparing files to reimport...[39m[0m
[  33% ] [90m[1mreimport[22m | Preparing files to reimport...[39m[0m
[  33% ] [90m[1mreimport[22m | Preparing files to reimport...[39m[0m
[  33% ] [90m[1mreimport[22m | Preparing files to reimport...[39m[0m
[  34% ] [90m[1mreimport[22m | Preparing files to reimport...[39m[0m
[  34% ] [90m[1mreimport[22m | Preparing files to reimport...[39m[0m
[  34% ] [90m[1mreimport[22m | Preparing files to reimport...[39m[0m
[  34% ] [90m[1mreimport[22m | Preparing files to reimport...[39m[0m
[  34% ] [90m[1mreimport[22m | Preparing files to reimport...[39m[0m
[  34% ] [90m[1mreimport[22m | Preparing files to reimport...[39m[0m
[  34% ] [90m[1mreimport[22m | Preparing files to reimport...[39m[0m
[  34% ] [90m[1mreimport[22m | Preparing files to reimport...[39m[0m
[  34% ] [90m[1mreimport[22m | Preparing files to reimport...[39m[0m
[  34% ] [90m[1mreimport[22m | Preparing files to reimport...[39m[0m
[  34% ] [90m[1mreimport[22m | Preparing files to reimport...[39m[0m
[  35% ] [90m[1mreimport[22m | Preparing files to reimport...[39m[0m
[  35% ] [90m[1mreimport[22m | Preparing files to reimport...[39m[0m
[  35% ] [90m[1mreimport[22m | Preparing files to reimport...[39m[0m
[  35% ] [90m[1mreimport[22m | Preparing files to reimport...[39m[0m
[  35% ] [90m[1mreimport[22m | Preparing files to reimport...[39m[0m
[  35% ] [90m[1mreimport[22m | Preparing files to reimport...[39m[0m
[  35% ] [90m[1mreimport[22m | Preparing files to reimport...[39m[0m
[  35% ] [90m[1mreimport[22m | Preparing files to reimport...[39m[0m
[  35% ] [90m[1mreimport[22m | Preparing files to reimport...[39m[0m
[  35% ] [90m[1mreimport[22m | Preparing files to reimport...[39m[0m
[  35% ] [90m[1mreimport[22m | Preparing files to reimport...[39m[0m
[  36% ] [90m[1mreimport[22m | Preparing files to reimport...[39m[0m
[  36% ] [90m[1mreimport[22m | Preparing files to reimport...[39m[0m
[  36% ] [90m[1mreimport[22m | Preparing files to reimport...[39m[0m
[  36% ] [90m[1mreimport[22m | Preparing files to reimport...[39m[0m
[  36% ] [90m[1mreimport[22m | Preparing files to reimport...[39m[0m
[  36% ] [90m[1mreimport[22m | Preparing files to reimport...[39m[0m
[  36% ] [90m[1mreimport[22m | Preparing files to reimport...[39m[0m
[  36% ] [90m[1mreimport[22m | Preparing files to reimport...[39m[0m
[  36% ] [90m[1mreimport[22m | Preparing files to reimport...[39m[0m
[  36% ] [90m[1mreimport[22m | Preparing files to reimport...[39m[0m
[  36% ] [90m[1mreimport[22m | Preparing files to reimport...[39m[0m
[  37% ] [90m[1mreimport[22m | Preparing files to reimport...[39m[0m
[  37% ] [90m[1mreimport[22m | Preparing files to reimport...[39m[0m
[  37% ] [90m[1mreimport[22m | Preparing files to reimport...[39m[0m
[  37% ] [90m[1mreimport[22m | Preparing files to reimport...[39m[0m
[  37% ] [90m[1mreimport[22m | Preparing files to reimport...[39m[0m
[  37% ] [90m[1mreimport[22m | Preparing files to reimport...[39m[0m
[  37% ] [90m[1mreimport[22m | Preparing files to reimport...[39m[0m
[  37% ] [90m[1mreimport[22m | Preparing files to reimport...[39m[0m
[  37% ] [90m[1mreimport[22m | Preparing files to reimport...[39m[0m
[  37% ] [90m[1mreimport[22m | Preparing files to reimport...[39m[0m
[  37% ] [90m[1mreimport[22m | Preparing files to reimport...[39m[0m
[  38% ] [90m[1mreimport[22m | Preparing files to reimport...[39m[0m
[  38% ] [90m[1mreimport[22m | Preparing files to reimport...[39m[0m
[  38% ] [90m[1mreimport[22m | Preparing files to reimport...[39m[0m
[  38% ] [90m[1mreimport[22m | Preparing files to reimport...[39m[0m
[  38% ] [90m[1mreimport[22m | Preparing files to reimport...[39m[0m
[  38% ] [90m[1mreimport[22m | Preparing files to reimport...[39m[0m
[  38% ] [90m[1mreimport[22m | Preparing files to reimport...[39m[0m
[  38% ] [90m[1mreimport[22m | Preparing files to reimport...[39m[0m
[  38% ] [90m[1mreimport[22m | Preparing files to reimport...[39m[0m
[  38% ] [90m[1mreimport[22m | Preparing files to reimport...[39m[0m
[  38% ] [90m[1mreimport[22m | Preparing files to reimport...[39m[0m
[  39% ] [90m[1mreimport[22m | Preparing files to reimport...[39m[0m
[  39% ] [90m[1mreimport[22m | Preparing files to reimport...[39m[0m
[  39% ] [90m[1mreimport[22m | Preparing files to reimport...[39m[0m
[  39% ] [90m[1mreimport[22m | Preparing files to reimport...[39m[0m
[  39% ] [90m[1mreimport[22m | Preparing files to reimport...[39m[0m
[  39% ] [90m[1mreimport[22m | Preparing files to reimport...[39m[0m
[  39% ] [90m[1mreimport[22m | Preparing files to reimport...[39m[0m
[  39% ] [90m[1mreimport[22m | Preparing files to reimport...[39m[0m
[  39% ] [90m[1mreimport[22m | Preparing files to reimport...[39m[0m
[  39% ] [90m[1mreimport[22m | Preparing files to reimport...[39m[0m
[  40% ] [90m[1mreimport[22m | Preparing files to reimport...[39m[0m
[  40% ] [90m[1mreimport[22m | Preparing files to reimport...[39m[0m
[  40% ] [90m[1mreimport[22m | Preparing files to reimport...[39m[0m
[  40% ] [90m[1mreimport[22m | Preparing files to reimport...[39m[0m
[  40% ] [90m[1mreimport[22m | Preparing files to reimport...[39m[0m
[  40% ] [90m[1mreimport[22m | Preparing files to reimport...[39m[0m
[  40% ] [90m[1mreimport[22m | Preparing files to reimport...[39m[0m
[  40% ] [90m[1mreimport[22m | Preparing files to reimport...[39m[0m
[  40% ] [90m[1mreimport[22m | Preparing files to reimport...[39m[0m
[  40% ] [90m[1mreimport[22m | Preparing files to reimport...[39m[0m
[  40% ] [90m[1mreimport[22m | Preparing files to reimport...[39m[0m
[  41% ] [90m[1mreimport[22m | Preparing files to reimport...[39m[0m
[  41% ] [90m[1mreimport[22m | Preparing files to reimport...[39m[0m
[  41% ] [90m[1mreimport[22m | Preparing files to reimport...[39m[0m
[  41% ] [90m[1mreimport[22m | Preparing files to reimport...[39m[0m
[  41% ] [90m[1mreimport[22m | Preparing files to reimport...[39m[0m
[  41% ] [90m[1mreimport[22m | Preparing files to reimport...[39m[0m
[  41% ] [90m[1mreimport[22m | Preparing files to reimport...[39m[0m
[  41% ] [90m[1mreimport[22m | Preparing files to reimport...[39m[0m
[  41% ] [90m[1mreimport[22m | Preparing files to reimport...[39m[0m
[  41% ] [90m[1mreimport[22m | Preparing files to reimport...[39m[0m
[  41% ] [90m[1mreimport[22m | Preparing files to reimport...[39m[0m
[  42% ] [90m[1mreimport[22m | Preparing files to reimport...[39m[0m
[  42% ] [90m[1mreimport[22m | Preparing files to reimport...[39m[0m
[  42% ] [90m[1mreimport[22m | Preparing files to reimport...[39m[0m
[  42% ] [90m[1mreimport[22m | Preparing files to reimport...[39m[0m
[  42% ] [90m[1mreimport[22m | Preparing files to reimport...[39m[0m
[  42% ] [90m[1mreimport[22m | Preparing files to reimport...[39m[0m
[  42% ] [90m[1mreimport[22m | Preparing files to reimport...[39m[0m
[  42% ] [90m[1mreimport[22m | Preparing files to reimport...[39m[0m
[  42% ] [90m[1mreimport[22m | Preparing files to reimport...[39m[0m
[  42% ] [90m[1mreimport[22m | Preparing files to reimport...[39m[0m
[  42% ] [90m[1mreimport[22m | Preparing files to reimport...[39m[0m
[  43% ] [90m[1mreimport[22m | Preparing files to reimport...[39m[0m
[  43% ] [90m[1mreimport[22m | Preparing files to reimport...[39m[0m
[  43% ] [90m[1mreimport[22m | Preparing files to reimport...[39m[0m
[  43% ] [90m[1mreimport[22m | Preparing files to reimport...[39m[0m
[  43% ] [90m[1mreimport[22m | Preparing files to reimport...[39m[0m
[  43% ] [90m[1mreimport[22m | Preparing files to reimport...[39m[0m
[  43% ] [90m[1mreimport[22m | Preparing files to reimport...[39m[0m
[  43% ] [90m[1mreimport[22m | Preparing files to reimport...[39m[0m
[  43% ] [90m[1mreimport[22m | Preparing files to reimport...[39m[0m
[  43% ] [90m[1mreimport[22m | Preparing files to reimport...[39m[0m
[  43% ] [90m[1mreimport[22m | Preparing files to reimport...[39m[0m
[  44% ] [90m[1mreimport[22m | Preparing files to reimport...[39m[0m
[  44% ] [90m[1mreimport[22m | Preparing files to reimport...[39m[0m
[  44% ] [90m[1mreimport[22m | Preparing files to reimport...[39m[0m
[  44% ] [90m[1mreimport[22m | Preparing files to reimport...[39m[0m
[  44% ] [90m[1mreimport[22m | Preparing files to reimport...[39m[0m
[  44% ] [90m[1mreimport[22m | Preparing files to reimport...[39m[0m
[  44% ] [90m[1mreimport[22m | Preparing files to reimport...[39m[0m
[  44% ] [90m[1mreimport[22m | Preparing files to reimport...[39m[0m
[  44% ] [90m[1mreimport[22m | Preparing files to reimport...[39m[0m
[  44% ] [90m[1mreimport[22m | Preparing files to reimport...[39m[0m
[  44% ] [90m[1mreimport[22m | Preparing files to reimport...[39m[0m
[  45% ] [90m[1mreimport[22m | Preparing files to reimport...[39m[0m
[  45% ] [90m[1mreimport[22m | Preparing files to reimport...[39m[0m
[  45% ] [90m[1mreimport[22m | Preparing files to reimport...[39m[0m
[  45% ] [90m[1mreimport[22m | Preparing files to reimport...[39m[0m
[  45% ] [90m[1mreimport[22m | Preparing files to reimport...[39m[0m
[  45% ] [90m[1mreimport[22m | Preparing files to reimport...[39m[0m
[  45% ] [90m[1mreimport[22m | Preparing files to reimport...[39m[0m
[  45% ] [90m[1mreimport[22m | Preparing files to reimport...[39m[0m
[  45% ] [90m[1mreimport[22m | Preparing files to reimport...[39m[0m
[  45% ] [90m[1mreimport[22m | Preparing files to reimport...[39m[0m
[  45% ] [90m[1mreimport[22m | Preparing files to reimport...[39m[0m
[  46% ] [90m[1mreimport[22m | Preparing files to reimport...[39m[0m
[  46% ] [90m[1mreimport[22m | Preparing files to reimport...[39m[0m
[  46% ] [90m[1mreimport[22m | Preparing files to reimport...[39m[0m
[  46% ] [90m[1mreimport[22m | Preparing files to reimport...[39m[0m
[  46% ] [90m[1mreimport[22m | Preparing files to reimport...[39m[0m
[  46% ] [90m[1mreimport[22m | Preparing files to reimport...[39m[0m
[  46% ] [90m[1mreimport[22m | Preparing files to reimport...[39m[0m
[  46% ] [90m[1mreimport[22m | Preparing files to reimport...[39m[0m
[  46% ] [90m[1mreimport[22m | Preparing files to reimport...[39m[0m
[  46% ] [90m[1mreimport[22m | Preparing files to reimport...[39m[0m
[  46% ] [90m[1mreimport[22m | Preparing files to reimport...[39m[0m
[  47% ] [90m[1mreimport[22m | Preparing files to reimport...[39m[0m
[  47% ] [90m[1mreimport[22m | Preparing files to reimport...[39m[0m
[  47% ] [90m[1mreimport[22m | Preparing files to reimport...[39m[0m
[  47% ] [90m[1mreimport[22m | Preparing files to reimport...[39m[0m
[  47% ] [90m[1mreimport[22m | Preparing files to reimport...[39m[0m
[  47% ] [90m[1mreimport[22m | Preparing files to reimport...[39m[0m
[  47% ] [90m[1mreimport[22m | Preparing files to reimport...[39m[0m
[  47% ] [90m[1mreimport[22m | Preparing files to reimport...[39m[0m
[  47% ] [90m[1mreimport[22m | Preparing files to reimport...[39m[0m
[  47% ] [90m[1mreimport[22m | Preparing files to reimport...[39m[0m
[  47% ] [90m[1mreimport[22m | Preparing files to reimport...[39m[0m
[  48% ] [90m[1mreimport[22m | Preparing files to reimport...[39m[0m
[  48% ] [90m[1mreimport[22m | Preparing files to reimport...[39m[0m
[  48% ] [90m[1mreimport[22m | Preparing files to reimport...[39m[0m
[  48% ] [90m[1mreimport[22m | Preparing files to reimport...[39m[0m
[  48% ] [90m[1mreimport[22m | Preparing files to reimport...[39m[0m
[  48% ] [90m[1mreimport[22m | Preparing files to reimport...[39m[0m
[  48% ] [90m[1mreimport[22m | Preparing files to reimport...[39m[0m
[  48% ] [90m[1mreimport[22m | Preparing files to reimport...[39m[0m
[  48% ] [90m[1mreimport[22m | Preparing files to reimport...[39m[0m
[  48% ] [90m[1mreimport[22m | Preparing files to reimport...[39m[0m
[  48% ] [90m[1mreimport[22m | Preparing files to reimport...[39m[0m
[  49% ] [90m[1mreimport[22m | Preparing files to reimport...[39m[0m
[  49% ] [90m[1mreimport[22m | Preparing files to reimport...[39m[0m
[  49% ] [90m[1mreimport[22m | Preparing files to reimport...[39m[0m
[  49% ] [90m[1mreimport[22m | Preparing files to reimport...[39m[0m
[  49% ] [90m[1mreimport[22m | Preparing files to reimport...[39m[0m
[  49% ] [90m[1mreimport[22m | Preparing files to reimport...[39m[0m
[  49% ] [90m[1mreimport[22m | Preparing files to reimport...[39m[0m
[  49% ] [90m[1mreimport[22m | Preparing files to reimport...[39m[0m
[  49% ] [90m[1mreimport[22m | Preparing files to reimport...[39m[0m
[  49% ] [90m[1mreimport[22m | Preparing files to reimport...[39m[0m
[  49% ] [90m[1mreimport[22m | Preparing files to reimport...[39m[0m
[  50% ] [90m[1mreimport[22m | Preparing files to reimport...[39m[0m
[  50% ] [90m[1mreimport[22m | Preparing files to reimport...[39m[0m
[  50% ] [90m[1mreimport[22m | Preparing files to reimport...[39m[0m
[  50% ] [90m[1mreimport[22m | Preparing files to reimport...[39m[0m
[  50% ] [90m[1mreimport[22m | Preparing files to reimport...[39m[0m
[  50% ] [90m[1mreimport[22m | Preparing files to reimport...[39m[0m
[  50% ] [90m[1mreimport[22m | Preparing files to reimport...[39m[0m
[  50% ] [90m[1mreimport[22m | Preparing files to reimport...[39m[0m
[  50% ] [90m[1mreimport[22m | Preparing files to reimport...[39m[0m
[  50% ] [90m[1mreimport[22m | Preparing files to reimport...[39m[0m
[  50% ] [90m[1mreimport[22m | Preparing files to reimport...[39m[0m
[  51% ] [90m[1mreimport[22m | Preparing files to reimport...[39m[0m
[  51% ] [90m[1mreimport[22m | Preparing files to reimport...[39m[0m
[  51% ] [90m[1mreimport[22m | Preparing files to reimport...[39m[0m
[  51% ] [90m[1mreimport[22m | Preparing files to reimport...[39m[0m
[  51% ] [90m[1mreimport[22m | Preparing files to reimport...[39m[0m
[  51% ] [90m[1mreimport[22m | Preparing files to reimport...[39m[0m
[  51% ] [90m[1mreimport[22m | Preparing files to reimport...[39m[0m
[  51% ] [90m[1mreimport[22m | Preparing files to reimport...[39m[0m
[  51% ] [90m[1mreimport[22m | Preparing files to reimport...[39m[0m
[  51% ] [90m[1mreimport[22m | Preparing files to reimport...[39m[0m
[  51% ] [90m[1mreimport[22m | Preparing files to reimport...[39m[0m
[  52% ] [90m[1mreimport[22m | Preparing files to reimport...[39m[0m
[  52% ] [90m[1mreimport[22m | Preparing files to reimport...[39m[0m
[  52% ] [90m[1mreimport[22m | Preparing files to reimport...[39m[0m
[  52% ] [90m[1mreimport[22m | Preparing files to reimport...[39m[0m
[  52% ] [90m[1mreimport[22m | Preparing files to reimport...[39m[0m
[  52% ] [90m[1mreimport[22m | Preparing files to reimport...[39m[0m
[  52% ] [90m[1mreimport[22m | Preparing files to reimport...[39m[0m
[  52% ] [90m[1mreimport[22m | Preparing files to reimport...[39m[0m
[  52% ] [90m[1mreimport[22m | Preparing files to reimport...[39m[0m
[  52% ] [90m[1mreimport[22m | Preparing files to reimport...[39m[0m
[  52% ] [90m[1mreimport[22m | Preparing files to reimport...[39m[0m
[  53% ] [90m[1mreimport[22m | Preparing files to reimport...[39m[0m
[  53% ] [90m[1mreimport[22m | Preparing files to reimport...[39m[0m
[  53% ] [90m[1mreimport[22m | Preparing files to reimport...[39m[0m
[  53% ] [90m[1mreimport[22m | Preparing files to reimport...[39m[0m
[  53% ] [90m[1mreimport[22m | Preparing files to reimport...[39m[0m
[  53% ] [90m[1mreimport[22m | Preparing files to reimport...[39m[0m
[  53% ] [90m[1mreimport[22m | Preparing files to reimport...[39m[0m
[  53% ] [90m[1mreimport[22m | Preparing files to reimport...[39m[0m
[  53% ] [90m[1mreimport[22m | Preparing files to reimport...[39m[0m
[  53% ] [90m[1mreimport[22m | Preparing files to reimport...[39m[0m
[  53% ] [90m[1mreimport[22m | Preparing files to reimport...[39m[0m
[  54% ] [90m[1mreimport[22m | Preparing files to reimport...[39m[0m
[  54% ] [90m[1mreimport[22m | Preparing files to reimport...[39m[0m
[  54% ] [90m[1mreimport[22m | Preparing files to reimport...[39m[0m
[  54% ] [90m[1mreimport[22m | Preparing files to reimport...[39m[0m
[  54% ] [90m[1mreimport[22m | Preparing files to reimport...[39m[0m
[  54% ] [90m[1mreimport[22m | Preparing files to reimport...[39m[0m
[  54% ] [90m[1mreimport[22m | Preparing files to reimport...[39m[0m
[  54% ] [90m[1mreimport[22m | Preparing files to reimport...[39m[0m
[  54% ] [90m[1mreimport[22m | Preparing files to reimport...[39m[0m
[  54% ] [90m[1mreimport[22m | Preparing files to reimport...[39m[0m
[  54% ] [90m[1mreimport[22m | Preparing files to reimport...[39m[0m
[  55% ] [90m[1mreimport[22m | Preparing files to reimport...[39m[0m
[  55% ] [90m[1mreimport[22m | Preparing files to reimport...[39m[0m
[  55% ] [90m[1mreimport[22m | Preparing files to reimport...[39m[0m
[  55% ] [90m[1mreimport[22m | Preparing files to reimport...[39m[0m
[  55% ] [90m[1mreimport[22m | Preparing files to reimport...[39m[0m
[  55% ] [90m[1mreimport[22m | Preparing files to reimport...[39m[0m
[  55% ] [90m[1mreimport[22m | Preparing files to reimport...[39m[0m
[  55% ] [90m[1mreimport[22m | Preparing files to reimport...[39m[0m
[  55% ] [90m[1mreimport[22m | Preparing files to reimport...[39m[0m
[  55% ] [90m[1mreimport[22m | Preparing files to reimport...[39m[0m
[  55% ] [90m[1mreimport[22m | Preparing files to reimport...[39m[0m
[  56% ] [90m[1mreimport[22m | Preparing files to reimport...[39m[0m
[  56% ] [90m[1mreimport[22m | Preparing files to reimport...[39m[0m
[  56% ] [90m[1mreimport[22m | Preparing files to reimport...[39m[0m
[  56% ] [90m[1mreimport[22m | Preparing files to reimport...[39m[0m
[  56% ] [90m[1mreimport[22m | Preparing files to reimport...[39m[0m
[  56% ] [90m[1mreimport[22m | Preparing files to reimport...[39m[0m
[  56% ] [90m[1mreimport[22m | Preparing files to reimport...[39m[0m
[  56% ] [90m[1mreimport[22m | Preparing files to reimport...[39m[0m
[  56% ] [90m[1mreimport[22m | Preparing files to reimport...[39m[0m
[  56% ] [90m[1mreimport[22m | Preparing files to reimport...[39m[0m
[  56% ] [90m[1mreimport[22m | Preparing files to reimport...[39m[0m
[  57% ] [90m[1mreimport[22m | Preparing files to reimport...[39m[0m
[  57% ] [90m[1mreimport[22m | Preparing files to reimport...[39m[0m
[  57% ] [90m[1mreimport[22m | Preparing files to reimport...[39m[0m
[  57% ] [90m[1mreimport[22m | Preparing files to reimport...[39m[0m
[  57% ] [90m[1mreimport[22m | Preparing files to reimport...[39m[0m
[  57% ] [90m[1mreimport[22m | Preparing files to reimport...[39m[0m
[  57% ] [90m[1mreimport[22m | Preparing files to reimport...[39m[0m
[  57% ] [90m[1mreimport[22m | Preparing files to reimport...[39m[0m
[  57% ] [90m[1mreimport[22m | Preparing files to reimport...[39m[0m
[  57% ] [90m[1mreimport[22m | Preparing files to reimport...[39m[0m
[  57% ] [90m[1mreimport[22m | Preparing files to reimport...[39m[0m
[  58% ] [90m[1mreimport[22m | Preparing files to reimport...[39m[0m
[  58% ] [90m[1mreimport[22m | Preparing files to reimport...[39m[0m
[  58% ] [90m[1mreimport[22m | Preparing files to reimport...[39m[0m
[  58% ] [90m[1mreimport[22m | Preparing files to reimport...[39m[0m
[  58% ] [90m[1mreimport[22m | Preparing files to reimport...[39m[0m
[  58% ] [90m[1mreimport[22m | Preparing files to reimport...[39m[0m
[  58% ] [90m[1mreimport[22m | Preparing files to reimport...[39m[0m
[  58% ] [90m[1mreimport[22m | Preparing files to reimport...[39m[0m
[  58% ] [90m[1mreimport[22m | Preparing files to reimport...[39m[0m
[  58% ] [90m[1mreimport[22m | Preparing files to reimport...[39m[0m
[  58% ] [90m[1mreimport[22m | Preparing files to reimport...[39m[0m
[  59% ] [90m[1mreimport[22m | Preparing files to reimport...[39m[0m
[  59% ] [90m[1mreimport[22m | Preparing files to reimport...[39m[0m
[  59% ] [90m[1mreimport[22m | Preparing files to reimport...[39m[0m
[  59% ] [90m[1mreimport[22m | Preparing files to reimport...[39m[0m
[  59% ] [90m[1mreimport[22m | Preparing files to reimport...[39m[0m
[  59% ] [90m[1mreimport[22m | Preparing files to reimport...[39m[0m
[  59% ] [90m[1mreimport[22m | Preparing files to reimport...[39m[0m
[  59% ] [90m[1mreimport[22m | Preparing files to reimport...[39m[0m
[  59% ] [90m[1mreimport[22m | Preparing files to reimport...[39m[0m
[  59% ] [90m[1mreimport[22m | Preparing files to reimport...[39m[0m
[  60% ] [90m[1mreimport[22m | Preparing files to reimport...[39m[0m
[  60% ] [90m[1mreimport[22m | Preparing files to reimport...[39m[0m
[  60% ] [90m[1mreimport[22m | Preparing files to reimport...[39m[0m
[  60% ] [90m[1mreimport[22m | Preparing files to reimport...[39m[0m
[  60% ] [90m[1mreimport[22m | Preparing files to reimport...[39m[0m
[  60% ] [90m[1mreimport[22m | Preparing files to reimport...[39m[0m
[  60% ] [90m[1mreimport[22m | Preparing files to reimport...[39m[0m
[  60% ] [90m[1mreimport[22m | Preparing files to reimport...[39m[0m
[  60% ] [90m[1mreimport[22m | Preparing files to reimport...[39m[0m
[  60% ] [90m[1mreimport[22m | Preparing files to reimport...[39m[0m
[  60% ] [90m[1mreimport[22m | Preparing files to reimport...[39m[0m
[  61% ] [90m[1mreimport[22m | Preparing files to reimport...[39m[0m
[  61% ] [90m[1mreimport[22m | Preparing files to reimport...[39m[0m
[  61% ] [90m[1mreimport[22m | Preparing files to reimport...[39m[0m
[  61% ] [90m[1mreimport[22m | Preparing files to reimport...[39m[0m
[  61% ] [90m[1mreimport[22m | Preparing files to reimport...[39m[0m
[  61% ] [90m[1mreimport[22m | Preparing files to reimport...[39m[0m
[  61% ] [90m[1mreimport[22m | Preparing files to reimport...[39m[0m
[  61% ] [90m[1mreimport[22m | Preparing files to reimport...[39m[0m
[  61% ] [90m[1mreimport[22m | Preparing files to reimport...[39m[0m
[  61% ] [90m[1mreimport[22m | Preparing files to reimport...[39m[0m
[  61% ] [90m[1mreimport[22m | Preparing files to reimport...[39m[0m
[  62% ] [90m[1mreimport[22m | Preparing files to reimport...[39m[0m
[  62% ] [90m[1mreimport[22m | Preparing files to reimport...[39m[0m
[  62% ] [90m[1mreimport[22m | Preparing files to reimport...[39m[0m
[  62% ] [90m[1mreimport[22m | Preparing files to reimport...[39m[0m
[  62% ] [90m[1mreimport[22m | Preparing files to reimport...[39m[0m
[  62% ] [90m[1mreimport[22m | Preparing files to reimport...[39m[0m
[  62% ] [90m[1mreimport[22m | Preparing files to reimport...[39m[0m
[  62% ] [90m[1mreimport[22m | Preparing files to reimport...[39m[0m
[  62% ] [90m[1mreimport[22m | Preparing files to reimport...[39m[0m
[  62% ] [90m[1mreimport[22m | Preparing files to reimport...[39m[0m
[  62% ] [90m[1mreimport[22m | Preparing files to reimport...[39m[0m
[  63% ] [90m[1mreimport[22m | Preparing files to reimport...[39m[0m
[  63% ] [90m[1mreimport[22m | Preparing files to reimport...[39m[0m
[  63% ] [90m[1mreimport[22m | Preparing files to reimport...[39m[0m
[  63% ] [90m[1mreimport[22m | Preparing files to reimport...[39m[0m
[  63% ] [90m[1mreimport[22m | Preparing files to reimport...[39m[0m
[  63% ] [90m[1mreimport[22m | Preparing files to reimport...[39m[0m
[  63% ] [90m[1mreimport[22m | Preparing files to reimport...[39m[0m
[  63% ] [90m[1mreimport[22m | Preparing files to reimport...[39m[0m
[  63% ] [90m[1mreimport[22m | Preparing files to reimport...[39m[0m
[  63% ] [90m[1mreimport[22m | Preparing files to reimport...[39m[0m
[  63% ] [90m[1mreimport[22m | Preparing files to reimport...[39m[0m
[  64% ] [90m[1mreimport[22m | Preparing files to reimport...[39m[0m
[  64% ] [90m[1mreimport[22m | Preparing files to reimport...[39m[0m
[  64% ] [90m[1mreimport[22m | Preparing files to reimport...[39m[0m
[  64% ] [90m[1mreimport[22m | Preparing files to reimport...[39m[0m
[  64% ] [90m[1mreimport[22m | Preparing files to reimport...[39m[0m
[  64% ] [90m[1mreimport[22m | Preparing files to reimport...[39m[0m
[  64% ] [90m[1mreimport[22m | Preparing files to reimport...[39m[0m
[  64% ] [90m[1mreimport[22m | Preparing files to reimport...[39m[0m
[  64% ] [90m[1mreimport[22m | Preparing files to reimport...[39m[0m
[  64% ] [90m[1mreimport[22m | Preparing files to reimport...[39m[0m
[  64% ] [90m[1mreimport[22m | Preparing files to reimport...[39m[0m
[  65% ] [90m[1mreimport[22m | Preparing files to reimport...[39m[0m
[  65% ] [90m[1mreimport[22m | Preparing files to reimport...[39m[0m
[  65% ] [90m[1mreimport[22m | Preparing files to reimport...[39m[0m
[  65% ] [90m[1mreimport[22m | Preparing files to reimport...[39m[0m
[  65% ] [90m[1mreimport[22m | Preparing files to reimport...[39m[0m
[  65% ] [90m[1mreimport[22m | Preparing files to reimport...[39m[0m
[  65% ] [90m[1mreimport[22m | Preparing files to reimport...[39m[0m
[  65% ] [90m[1mreimport[22m | Preparing files to reimport...[39m[0m
[  65% ] [90m[1mreimport[22m | Preparing files to reimport...[39m[0m
[  65% ] [90m[1mreimport[22m | Preparing files to reimport...[39m[0m
[  65% ] [90m[1mreimport[22m | Preparing files to reimport...[39m[0m
[  66% ] [90m[1mreimport[22m | Preparing files to reimport...[39m[0m
[  66% ] [90m[1mreimport[22m | Preparing files to reimport...[39m[0m
[  66% ] [90m[1mreimport[22m | Preparing files to reimport...[39m[0m
[  66% ] [90m[1mreimport[22m | Preparing files to reimport...[39m[0m
[  66% ] [90m[1mreimport[22m | Preparing files to reimport...[39m[0m
[  66% ] [90m[1mreimport[22m | Preparing files to reimport...[39m[0m
[  66% ] [90m[1mreimport[22m | Preparing files to reimport...[39m[0m
[  66% ] [90m[1mreimport[22m | Preparing files to reimport...[39m[0m
[  66% ] [90m[1mreimport[22m | Preparing files to reimport...[39m[0m
[  66% ] [90m[1mreimport[22m | Preparing files to reimport...[39m[0m
[  66% ] [90m[1mreimport[22m | Preparing files to reimport...[39m[0m
[  67% ] [90m[1mreimport[22m | Preparing files to reimport...[39m[0m
[  67% ] [90m[1mreimport[22m | Preparing files to reimport...[39m[0m
[  67% ] [90m[1mreimport[22m | Preparing files to reimport...[39m[0m
[  67% ] [90m[1mreimport[22m | Preparing files to reimport...[39m[0m
[  67% ] [90m[1mreimport[22m | Preparing files to reimport...[39m[0m
[  67% ] [90m[1mreimport[22m | Preparing files to reimport...[39m[0m
[  67% ] [90m[1mreimport[22m | Preparing files to reimport...[39m[0m
[  67% ] [90m[1mreimport[22m | Preparing files to reimport...[39m[0m
[  67% ] [90m[1mreimport[22m | Preparing files to reimport...[39m[0m
[  67% ] [90m[1mreimport[22m | Preparing files to reimport...[39m[0m
[  67% ] [90m[1mreimport[22m | Preparing files to reimport...[39m[0m
[  68% ] [90m[1mreimport[22m | Preparing files to reimport...[39m[0m
[  68% ] [90m[1mreimport[22m | Preparing files to reimport...[39m[0m
[  68% ] [90m[1mreimport[22m | Preparing files to reimport...[39m[0m
[  68% ] [90m[1mreimport[22m | Preparing files to reimport...[39m[0m
[  68% ] [90m[1mreimport[22m | Preparing files to reimport...[39m[0m
[  68% ] [90m[1mreimport[22m | Preparing files to reimport...[39m[0m
[  68% ] [90m[1mreimport[22m | Preparing files to reimport...[39m[0m
[  68% ] [90m[1mreimport[22m | Preparing files to reimport...[39m[0m
[  68% ] [90m[1mreimport[22m | Preparing files to reimport...[39m[0m
[  68% ] [90m[1mreimport[22m | Preparing files to reimport...[39m[0m
[  68% ] [90m[1mreimport[22m | Preparing files to reimport...[39m[0m
[  69% ] [90m[1mreimport[22m | Preparing files to reimport...[39m[0m
[  69% ] [90m[1mreimport[22m | Preparing files to reimport...[39m[0m
[  69% ] [90m[1mreimport[22m | Preparing files to reimport...[39m[0m
[  69% ] [90m[1mreimport[22m | Preparing files to reimport...[39m[0m
[  69% ] [90m[1mreimport[22m | Preparing files to reimport...[39m[0m
[  69% ] [90m[1mreimport[22m | Preparing files to reimport...[39m[0m
[  69% ] [90m[1mreimport[22m | Preparing files to reimport...[39m[0m
[  69% ] [90m[1mreimport[22m | Preparing files to reimport...[39m[0m
[  69% ] [90m[1mreimport[22m | Preparing files to reimport...[39m[0m
[  69% ] [90m[1mreimport[22m | Preparing files to reimport...[39m[0m
[  69% ] [90m[1mreimport[22m | Preparing files to reimport...[39m[0m
[  70% ] [90m[1mreimport[22m | Preparing files to reimport...[39m[0m
[  70% ] [90m[1mreimport[22m | Preparing files to reimport...[39m[0m
[  70% ] [90m[1mreimport[22m | Preparing files to reimport...[39m[0m
[  70% ] [90m[1mreimport[22m | Preparing files to reimport...[39m[0m
[  70% ] [90m[1mreimport[22m | Preparing files to reimport...[39m[0m
[  70% ] [90m[1mreimport[22m | Preparing files to reimport...[39m[0m
[  70% ] [90m[1mreimport[22m | Preparing files to reimport...[39m[0m
[  70% ] [90m[1mreimport[22m | Preparing files to reimport...[39m[0m
[  70% ] [90m[1mreimport[22m | Preparing files to reimport...[39m[0m
[  70% ] [90m[1mreimport[22m | Preparing files to reimport...[39m[0m
[  70% ] [90m[1mreimport[22m | Preparing files to reimport...[39m[0m
[  71% ] [90m[1mreimport[22m | Preparing files to reimport...[39m[0m
[  71% ] [90m[1mreimport[22m | Preparing files to reimport...[39m[0m
[  71% ] [90m[1mreimport[22m | Preparing files to reimport...[39m[0m
[  71% ] [90m[1mreimport[22m | Preparing files to reimport...[39m[0m
[  71% ] [90m[1mreimport[22m | Preparing files to reimport...[39m[0m
[  71% ] [90m[1mreimport[22m | Preparing files to reimport...[39m[0m
[  71% ] [90m[1mreimport[22m | Preparing files to reimport...[39m[0m
[  71% ] [90m[1mreimport[22m | Preparing files to reimport...[39m[0m
[  71% ] [90m[1mreimport[22m | Preparing files to reimport...[39m[0m
[  71% ] [90m[1mreimport[22m | Preparing files to reimport...[39m[0m
[  71% ] [90m[1mreimport[22m | Preparing files to reimport...[39m[0m
[  72% ] [90m[1mreimport[22m | Preparing files to reimport...[39m[0m
[  72% ] [90m[1mreimport[22m | Preparing files to reimport...[39m[0m
[  72% ] [90m[1mreimport[22m | Preparing files to reimport...[39m[0m
[  72% ] [90m[1mreimport[22m | Preparing files to reimport...[39m[0m
[  72% ] [90m[1mreimport[22m | Preparing files to reimport...[39m[0m
[  72% ] [90m[1mreimport[22m | Preparing files to reimport...[39m[0m
[  72% ] [90m[1mreimport[22m | Preparing files to reimport...[39m[0m
[  72% ] [90m[1mreimport[22m | Preparing files to reimport...[39m[0m
[  72% ] [90m[1mreimport[22m | Preparing files to reimport...[39m[0m
[  72% ] [90m[1mreimport[22m | Preparing files to reimport...[39m[0m
[  72% ] [90m[1mreimport[22m | Preparing files to reimport...[39m[0m
[  73% ] [90m[1mreimport[22m | Preparing files to reimport...[39m[0m
[  73% ] [90m[1mreimport[22m | Preparing files to reimport...[39m[0m
[  73% ] [90m[1mreimport[22m | Preparing files to reimport...[39m[0m
[  73% ] [90m[1mreimport[22m | Preparing files to reimport...[39m[0m
[  73% ] [90m[1mreimport[22m | Preparing files to reimport...[39m[0m
[  73% ] [90m[1mreimport[22m | Preparing files to reimport...[39m[0m
[  73% ] [90m[1mreimport[22m | Preparing files to reimport...[39m[0m
[  73% ] [90m[1mreimport[22m | Preparing files to reimport...[39m[0m
[  73% ] [90m[1mreimport[22m | Preparing files to reimport...[39m[0m
[  73% ] [90m[1mreimport[22m | Preparing files to reimport...[39m[0m
[  73% ] [90m[1mreimport[22m | Preparing files to reimport...[39m[0m
[  74% ] [90m[1mreimport[22m | Preparing files to reimport...[39m[0m
[  74% ] [90m[1mreimport[22m | Preparing files to reimport...[39m[0m
[  74% ] [90m[1mreimport[22m | Preparing files to reimport...[39m[0m
[  74% ] [90m[1mreimport[22m | Preparing files to reimport...[39m[0m
[  74% ] [90m[1mreimport[22m | Preparing files to reimport...[39m[0m
[  74% ] [90m[1mreimport[22m | Preparing files to reimport...[39m[0m
[  74% ] [90m[1mreimport[22m | Preparing files to reimport...[39m[0m
[  74% ] [90m[1mreimport[22m | Preparing files to reimport...[39m[0m
[  74% ] [90m[1mreimport[22m | Preparing files to reimport...[39m[0m
[  74% ] [90m[1mreimport[22m | Preparing files to reimport...[39m[0m
[  74% ] [90m[1mreimport[22m | Preparing files to reimport...[39m[0m
[  75% ] [90m[1mreimport[22m | Preparing files to reimport...[39m[0m
[  75% ] [90m[1mreimport[22m | Preparing files to reimport...[39m[0m
[  75% ] [90m[1mreimport[22m | Preparing files to reimport...[39m[0m
[  75% ] [90m[1mreimport[22m | Preparing files to reimport...[39m[0m
[  75% ] [90m[1mreimport[22m | Preparing files to reimport...[39m[0m
[  75% ] [90m[1mreimport[22m | Preparing files to reimport...[39m[0m
[  75% ] [90m[1mreimport[22m | Preparing files to reimport...[39m[0m
[  75% ] [90m[1mreimport[22m | Preparing files to reimport...[39m[0m
[  75% ] [90m[1mreimport[22m | Preparing files to reimport...[39m[0m
[  75% ] [90m[1mreimport[22m | Preparing files to reimport...[39m[0m
[  75% ] [90m[1mreimport[22m | Preparing files to reimport...[39m[0m
[  76% ] [90m[1mreimport[22m | Preparing files to reimport...[39m[0m
[  76% ] [90m[1mreimport[22m | Preparing files to reimport...[39m[0m
[  76% ] [90m[1mreimport[22m | Preparing files to reimport...[39m[0m
[  76% ] [90m[1mreimport[22m | Preparing files to reimport...[39m[0m
[  76% ] [90m[1mreimport[22m | Preparing files to reimport...[39m[0m
[  76% ] [90m[1mreimport[22m | Preparing files to reimport...[39m[0m
[  76% ] [90m[1mreimport[22m | Preparing files to reimport...[39m[0m
[  76% ] [90m[1mreimport[22m | Preparing files to reimport...[39m[0m
[  76% ] [90m[1mreimport[22m | Preparing files to reimport...[39m[0m
[  76% ] [90m[1mreimport[22m | Preparing files to reimport...[39m[0m
[  76% ] [90m[1mreimport[22m | Preparing files to reimport...[39m[0m
[  77% ] [90m[1mreimport[22m | Preparing files to reimport...[39m[0m
[  77% ] [90m[1mreimport[22m | Preparing files to reimport...[39m[0m
[  77% ] [90m[1mreimport[22m | Preparing files to reimport...[39m[0m
[  77% ] [90m[1mreimport[22m | Preparing files to reimport...[39m[0m
[  77% ] [90m[1mreimport[22m | Preparing files to reimport...[39m[0m
[  77% ] [90m[1mreimport[22m | Preparing files to reimport...[39m[0m
[  77% ] [90m[1mreimport[22m | Preparing files to reimport...[39m[0m
[  77% ] [90m[1mreimport[22m | Preparing files to reimport...[39m[0m
[  77% ] [90m[1mreimport[22m | Preparing files to reimport...[39m[0m
[  77% ] [90m[1mreimport[22m | Preparing files to reimport...[39m[0m
[  77% ] [90m[1mreimport[22m | Preparing files to reimport...[39m[0m
[  78% ] [90m[1mreimport[22m | Preparing files to reimport...[39m[0m
[  78% ] [90m[1mreimport[22m | Preparing files to reimport...[39m[0m
[  78% ] [90m[1mreimport[22m | Preparing files to reimport...[39m[0m
[  78% ] [90m[1mreimport[22m | Preparing files to reimport...[39m[0m
[  78% ] [90m[1mreimport[22m | Preparing files to reimport...[39m[0m
[  78% ] [90m[1mreimport[22m | Preparing files to reimport...[39m[0m
[  78% ] [90m[1mreimport[22m | Preparing files to reimport...[39m[0m
[  78% ] [90m[1mreimport[22m | Preparing files to reimport...[39m[0m
[  78% ] [90m[1mreimport[22m | Preparing files to reimport...[39m[0m
[  78% ] [90m[1mreimport[22m | Preparing files to reimport...[39m[0m
[  78% ] [90m[1mreimport[22m | Preparing files to reimport...[39m[0m
[  79% ] [90m[1mreimport[22m | Preparing files to reimport...[39m[0m
[  79% ] [90m[1mreimport[22m | Preparing files to reimport...[39m[0m
[  79% ] [90m[1mreimport[22m | Preparing files to reimport...[39m[0m
[  79% ] [90m[1mreimport[22m | Preparing files to reimport...[39m[0m
[  79% ] [90m[1mreimport[22m | Preparing files to reimport...[39m[0m
[  79% ] [90m[1mreimport[22m | Preparing files to reimport...[39m[0m
[  79% ] [90m[1mreimport[22m | Preparing files to reimport...[39m[0m
[  79% ] [90m[1mreimport[22m | Preparing files to reimport...[39m[0m
[  79% ] [90m[1mreimport[22m | Preparing files to reimport...[39m[0m
[  79% ] [90m[1mreimport[22m | Preparing files to reimport...[39m[0m
[  80% ] [90m[1mreimport[22m | Preparing files to reimport...[39m[0m
[  80% ] [90m[1mreimport[22m | Preparing files to reimport...[39m[0m
[  80% ] [90m[1mreimport[22m | Preparing files to reimport...[39m[0m
[  80% ] [90m[1mreimport[22m | Preparing files to reimport...[39m[0m
[  80% ] [90m[1mreimport[22m | Preparing files to reimport...[39m[0m
[  80% ] [90m[1mreimport[22m | Preparing files to reimport...[39m[0m
[  80% ] [90m[1mreimport[22m | Preparing files to reimport...[39m[0m
[  80% ] [90m[1mreimport[22m | Preparing files to reimport...[39m[0m
[  80% ] [90m[1mreimport[22m | Preparing files to reimport...[39m[0m
[  80% ] [90m[1mreimport[22m | Preparing files to reimport...[39m[0m
[  80% ] [90m[1mreimport[22m | Preparing files to reimport...[39m[0m
[  81% ] [90m[1mreimport[22m | Preparing files to reimport...[39m[0m
[  81% ] [90m[1mreimport[22m | Preparing files to reimport...[39m[0m
[  81% ] [90m[1mreimport[22m | Preparing files to reimport...[39m[0m
[  81% ] [90m[1mreimport[22m | Preparing files to reimport...[39m[0m
[  81% ] [90m[1mreimport[22m | Preparing files to reimport...[39m[0m
[  81% ] [90m[1mreimport[22m | Preparing files to reimport...[39m[0m
[  81% ] [90m[1mreimport[22m | Preparing files to reimport...[39m[0m
[  81% ] [90m[1mreimport[22m | Preparing files to reimport...[39m[0m
[  81% ] [90m[1mreimport[22m | Preparing files to reimport...[39m[0m
[  81% ] [90m[1mreimport[22m | Preparing files to reimport...[39m[0m
[  81% ] [90m[1mreimport[22m | Preparing files to reimport...[39m[0m
[  82% ] [90m[1mreimport[22m | Preparing files to reimport...[39m[0m
[  82% ] [90m[1mreimport[22m | Preparing files to reimport...[39m[0m
[  82% ] [90m[1mreimport[22m | Preparing files to reimport...[39m[0m
[  82% ] [90m[1mreimport[22m | Preparing files to reimport...[39m[0m
[  82% ] [90m[1mreimport[22m | Preparing files to reimport...[39m[0m
[  82% ] [90m[1mreimport[22m | Preparing files to reimport...[39m[0m
[  82% ] [90m[1mreimport[22m | Preparing files to reimport...[39m[0m
[  82% ] [90m[1mreimport[22m | Preparing files to reimport...[39m[0m
[  82% ] [90m[1mreimport[22m | Preparing files to reimport...[39m[0m
[  82% ] [90m[1mreimport[22m | Preparing files to reimport...[39m[0m
[  82% ] [90m[1mreimport[22m | Preparing files to reimport...[39m[0m
[  83% ] [90m[1mreimport[22m | Preparing files to reimport...[39m[0m
[  83% ] [90m[1mreimport[22m | Preparing files to reimport...[39m[0m
[  83% ] [90m[1mreimport[22m | Preparing files to reimport...[39m[0m
[  83% ] [90m[1mreimport[22m | Preparing files to reimport...[39m[0m
[  83% ] [90m[1mreimport[22m | Preparing files to reimport...[39m[0m
[  83% ] [90m[1mreimport[22m | Preparing files to reimport...[39m[0m
[  83% ] [90m[1mreimport[22m | Preparing files to reimport...[39m[0m
[  83% ] [90m[1mreimport[22m | Preparing files to reimport...[39m[0m
[  83% ] [90m[1mreimport[22m | Preparing files to reimport...[39m[0m
[  83% ] [90m[1mreimport[22m | Preparing files to reimport...[39m[0m
[  83% ] [90m[1mreimport[22m | Preparing files to reimport...[39m[0m
[  84% ] [90m[1mreimport[22m | Preparing files to reimport...[39m[0m
[  84% ] [90m[1mreimport[22m | Preparing files to reimport...[39m[0m
[  84% ] [90m[1mreimport[22m | Preparing files to reimport...[39m[0m
[  84% ] [90m[1mreimport[22m | Preparing files to reimport...[39m[0m
[  84% ] [90m[1mreimport[22m | Preparing files to reimport...[39m[0m
[  84% ] [90m[1mreimport[22m | Preparing files to reimport...[39m[0m
[  84% ] [90m[1mreimport[22m | Preparing files to reimport...[39m[0m
[  84% ] [90m[1mreimport[22m | Preparing files to reimport...[39m[0m
[  84% ] [90m[1mreimport[22m | Preparing files to reimport...[39m[0m
[  84% ] [90m[1mreimport[22m | Preparing files to reimport...[39m[0m
[  84% ] [90m[1mreimport[22m | Preparing files to reimport...[39m[0m
[  85% ] [90m[1mreimport[22m | Preparing files to reimport...[39m[0m
[  85% ] [90m[1mreimport[22m | Preparing files to reimport...[39m[0m
[  85% ] [90m[1mreimport[22m | Preparing files to reimport...[39m[0m
[  85% ] [90m[1mreimport[22m | Preparing files to reimport...[39m[0m
[  85% ] [90m[1mreimport[22m | Preparing files to reimport...[39m[0m
[  85% ] [90m[1mreimport[22m | Preparing files to reimport...[39m[0m
[  85% ] [90m[1mreimport[22m | Preparing files to reimport...[39m[0m
[  85% ] [90m[1mreimport[22m | Preparing files to reimport...[39m[0m
[  85% ] [90m[1mreimport[22m | Preparing files to reimport...[39m[0m
[  85% ] [90m[1mreimport[22m | Preparing files to reimport...[39m[0m
[  85% ] [90m[1mreimport[22m | Preparing files to reimport...[39m[0m
[  86% ] [90m[1mreimport[22m | Preparing files to reimport...[39m[0m
[  86% ] [90m[1mreimport[22m | Preparing files to reimport...[39m[0m
[  86% ] [90m[1mreimport[22m | Preparing files to reimport...[39m[0m
[  86% ] [90m[1mreimport[22m | Preparing files to reimport...[39m[0m
[  86% ] [90m[1mreimport[22m | Preparing files to reimport...[39m[0m
[  86% ] [90m[1mreimport[22m | Preparing files to reimport...[39m[0m
[  86% ] [90m[1mreimport[22m | Preparing files to reimport...[39m[0m
[  86% ] [90m[1mreimport[22m | Preparing files to reimport...[39m[0m
[  86% ] [90m[1mreimport[22m | Preparing files to reimport...[39m[0m
[  86% ] [90m[1mreimport[22m | Preparing files to reimport...[39m[0m
[  86% ] [90m[1mreimport[22m | Preparing files to reimport...[39m[0m
[  87% ] [90m[1mreimport[22m | Preparing files to reimport...[39m[0m
[  87% ] [90m[1mreimport[22m | Preparing files to reimport...[39m[0m
[  87% ] [90m[1mreimport[22m | Preparing files to reimport...[39m[0m
[  87% ] [90m[1mreimport[22m | Preparing files to reimport...[39m[0m
[  87% ] [90m[1mreimport[22m | Preparing files to reimport...[39m[0m
[  87% ] [90m[1mreimport[22m | Preparing files to reimport...[39m[0m
[  87% ] [90m[1mreimport[22m | Preparing files to reimport...[39m[0m
[  87% ] [90m[1mreimport[22m | Preparing files to reimport...[39m[0m
[  87% ] [90m[1mreimport[22m | Preparing files to reimport...[39m[0m
[  87% ] [90m[1mreimport[22m | Preparing files to reimport...[39m[0m
[  87% ] [90m[1mreimport[22m | Preparing files to reimport...[39m[0m
[  88% ] [90m[1mreimport[22m | Preparing files to reimport...[39m[0m
[  88% ] [90m[1mreimport[22m | Preparing files to reimport...[39m[0m
[  88% ] [90m[1mreimport[22m | Preparing files to reimport...[39m[0m
[  88% ] [90m[1mreimport[22m | Preparing files to reimport...[39m[0m
[  88% ] [90m[1mreimport[22m | Preparing files to reimport...[39m[0m
[  88% ] [90m[1mreimport[22m | Preparing files to reimport...[39m[0m
[  88% ] [90m[1mreimport[22m | Preparing files to reimport...[39m[0m
[  88% ] [90m[1mreimport[22m | Preparing files to reimport...[39m[0m
[  88% ] [90m[1mreimport[22m | Preparing files to reimport...[39m[0m
[  88% ] [90m[1mreimport[22m | Preparing files to reimport...[39m[0m
[  88% ] [90m[1mreimport[22m | Preparing files to reimport...[39m[0m
[  89% ] [90m[1mreimport[22m | Preparing files to reimport...[39m[0m
[  89% ] [90m[1mreimport[22m | Preparing files to reimport...[39m[0m
[  89% ] [90m[1mreimport[22m | Preparing files to reimport...[39m[0m
[  89% ] [90m[1mreimport[22m | Preparing files to reimport...[39m[0m
[  89% ] [90m[1mreimport[22m | Preparing files to reimport...[39m[0m
[  89% ] [90m[1mreimport[22m | Preparing files to reimport...[39m[0m
[  89% ] [90m[1mreimport[22m | Preparing files to reimport...[39m[0m
[  89% ] [90m[1mreimport[22m | Preparing files to reimport...[39m[0m
[  89% ] [90m[1mreimport[22m | Preparing files to reimport...[39m[0m
[  89% ] [90m[1mreimport[22m | Preparing files to reimport...[39m[0m
[  89% ] [90m[1mreimport[22m | Preparing files to reimport...[39m[0m
[  90% ] [90m[1mreimport[22m | Preparing files to reimport...[39m[0m
[  90% ] [90m[1mreimport[22m | Preparing files to reimport...[39m[0m
[  90% ] [90m[1mreimport[22m | Preparing files to reimport...[39m[0m
[  90% ] [90m[1mreimport[22m | Preparing files to reimport...[39m[0m
[  90% ] [90m[1mreimport[22m | Preparing files to reimport...[39m[0m
[  90% ] [90m[1mreimport[22m | Preparing files to reimport...[39m[0m
[  90% ] [90m[1mreimport[22m | Preparing files to reimport...[39m[0m
[  90% ] [90m[1mreimport[22m | Preparing files to reimport...[39m[0m
[  90% ] [90m[1mreimport[22m | Preparing files to reimport...[39m[0m
[  90% ] [90m[1mreimport[22m | Preparing files to reimport...[39m[0m
[  90% ] [90m[1mreimport[22m | Preparing files to reimport...[39m[0m
[  91% ] [90m[1mreimport[22m | Preparing files to reimport...[39m[0m
[  91% ] [90m[1mreimport[22m | Preparing files to reimport...[39m[0m
[  91% ] [90m[1mreimport[22m | Preparing files to reimport...[39m[0m
[  91% ] [90m[1mreimport[22m | Preparing files to reimport...[39m[0m
[  91% ] [90m[1mreimport[22m | Preparing files to reimport...[39m[0m
[  91% ] [90m[1mreimport[22m | Preparing files to reimport...[39m[0m
[  91% ] [90m[1mreimport[22m | Preparing files to reimport...[39m[0m
[  91% ] [90m[1mreimport[22m | Preparing files to reimport...[39m[0m
[  91% ] [90m[1mreimport[22m | Preparing files to reimport...[39m[0m
[  91% ] [90m[1mreimport[22m | Preparing files to reimport...[39m[0m
[  91% ] [90m[1mreimport[22m | Preparing files to reimport...[39m[0m
[  92% ] [90m[1mreimport[22m | Preparing files to reimport...[39m[0m
[  92% ] [90m[1mreimport[22m | Preparing files to reimport...[39m[0m
[  92% ] [90m[1mreimport[22m | Preparing files to reimport...[39m[0m
[  92% ] [90m[1mreimport[22m | Preparing files to reimport...[39m[0m
[  92% ] [90m[1mreimport[22m | Preparing files to reimport...[39m[0m
[  92% ] [90m[1mreimport[22m | Preparing files to reimport...[39m[0m
[  92% ] [90m[1mreimport[22m | Preparing files to reimport...[39m[0m
[  92% ] [90m[1mreimport[22m | Preparing files to reimport...[39m[0m
[  92% ] [90m[1mreimport[22m | Preparing files to reimport...[39m[0m
[  92% ] [90m[1mreimport[22m | Preparing files to reimport...[39m[0m
[  92% ] [90m[1mreimport[22m | Preparing files to reimport...[39m[0m
[  93% ] [90m[1mreimport[22m | Preparing files to reimport...[39m[0m
[  93% ] [90m[1mreimport[22m | Preparing files to reimport...[39m[0m
[  93% ] [90m[1mreimport[22m | Preparing files to reimport...[39m[0m
[  93% ] [90m[1mreimport[22m | Preparing files to reimport...[39m[0m
[  93% ] [90m[1mreimport[22m | Preparing files to reimport...[39m[0m
[  93% ] [90m[1mreimport[22m | Preparing files to reimport...[39m[0m
[  93% ] [90m[1mreimport[22m | Preparing files to reimport...[39m[0m
[  93% ] [90m[1mreimport[22m | Preparing files to reimport...[39m[0m
[  93% ] [90m[1mreimport[22m | Preparing files to reimport...[39m[0m
[  93% ] [90m[1mreimport[22m | Preparing files to reimport...[39m[0m
[  93% ] [90m[1mreimport[22m | Preparing files to reimport...[39m[0m
[  94% ] [90m[1mreimport[22m | Preparing files to reimport...[39m[0m
[  94% ] [90m[1mreimport[22m | Preparing files to reimport...[39m[0m
[  94% ] [90m[1mreimport[22m | Preparing files to reimport...[39m[0m
[  94% ] [90m[1mreimport[22m | Preparing files to reimport...[39m[0m
[  94% ] [90m[1mreimport[22m | Preparing files to reimport...[39m[0m
[  94% ] [90m[1mreimport[22m | Preparing files to reimport...[39m[0m
[  94% ] [90m[1mreimport[22m | Preparing files to reimport...[39m[0m
[  94% ] [90m[1mreimport[22m | Preparing files to reimport...[39m[0m
[  94% ] [90m[1mreimport[22m | Preparing files to reimport...[39m[0m
[  94% ] [90m[1mreimport[22m | Preparing files to reimport...[39m[0m
[  94% ] [90m[1mreimport[22m | Preparing files to reimport...[39m[0m
[  95% ] [90m[1mreimport[22m | Preparing files to reimport...[39m[0m
[  95% ] [90m[1mreimport[22m | Preparing files to reimport...[39m[0m
[  95% ] [90m[1mreimport[22m | Preparing files to reimport...[39m[0m
[  95% ] [90m[1mreimport[22m | Preparing files to reimport...[39m[0m
[  95% ] [90m[1mreimport[22m | Preparing files to reimport...[39m[0m
[  95% ] [90m[1mreimport[22m | Preparing files to reimport...[39m[0m
[  95% ] [90m[1mreimport[22m | Preparing files to reimport...[39m[0m
[  95% ] [90m[1mreimport[22m | Preparing files to reimport...[39m[0m
[  95% ] [90m[1mreimport[22m | Preparing files to reimport...[39m[0m
[  95% ] [90m[1mreimport[22m | Preparing files to reimport...[39m[0m
[  95% ] [90m[1mreimport[22m | Preparing files to reimport...[39m[0m
[  96% ] [90m[1mreimport[22m | Preparing files to reimport...[39m[0m
[  96% ] [90m[1mreimport[22m | Preparing files to reimport...[39m[0m
[  96% ] [90m[1mreimport[22m | Preparing files to reimport...[39m[0m
[  96% ] [90m[1mreimport[22m | Preparing files to reimport...[39m[0m
[  96% ] [90m[1mreimport[22m | Preparing files to reimport...[39m[0m
[  96% ] [90m[1mreimport[22m | Preparing files to reimport...[39m[0m
[  96% ] [90m[1mreimport[22m | Preparing files to reimport...[39m[0m
[  96% ] [90m[1mreimport[22m | Preparing files to reimport...[39m[0m
[  96% ] [90m[1mreimport[22m | Preparing files to reimport...[39m[0m
[  96% ] [90m[1mreimport[22m | Preparing files to reimport...[39m[0m
[  96% ] [90m[1mreimport[22m | Preparing files to reimport...[39m[0m
[  97% ] [90m[1mreimport[22m | Preparing files to reimport...[39m[0m
[  97% ] [90m[1mreimport[22m | Preparing files to reimport...[39m[0m
[  97% ] [90m[1mreimport[22m | Preparing files to reimport...[39m[0m
[  97% ] [90m[1mreimport[22m | Preparing files to reimport...[39m[0m
[  97% ] [90m[1mreimport[22m | Preparing files to reimport...[39m[0m
[  97% ] [90m[1mreimport[22m | Preparing files to reimport...[39m[0m
[  97% ] [90m[1mreimport[22m | Preparing files to reimport...[39m[0m
[  97% ] [90m[1mreimport[22m | Preparing files to reimport...[39m[0m
[  97% ] [90m[1mreimport[22m | Preparing files to reimport...[39m[0m
[  97% ] [90m[1mreimport[22m | Preparing files to reimport...[39m[0m
[  97% ] [90m[1mreimport[22m | Preparing files to reimport...[39m[0m
[  98% ] [90m[1mreimport[22m | Preparing files to reimport...[39m[0m
[  98% ] [90m[1mreimport[22m | Preparing files to reimport...[39m[0m
[  98% ] [90m[1mreimport[22m | Preparing files to reimport...[39m[0m
[  98% ] [90m[1mreimport[22m | Preparing files to reimport...[39m[0m
[  98% ] [90m[1mreimport[22m | Preparing files to reimport...[39m[0m
[  98% ] [90m[1mreimport[22m | Preparing files to reimport...[39m[0m
[  98% ] [90m[1mreimport[22m | Preparing files to reimport...[39m[0m
[  98% ] [90m[1mreimport[22m | Preparing files to reimport...[39m[0m
[  98% ] [90m[1mreimport[22m | Preparing files to reimport...[39m[0m
[  98% ] [90m[1mreimport[22m | Preparing files to reimport...[39m[0m
[  98% ] [90m[1mreimport[22m | Preparing files to reimport...[39m[0m
[  99% ] [90m[1mreimport[22m | Preparing files to reimport...[39m[0m
[  99% ] [90m[1mreimport[22m | Preparing files to reimport...[39m[0m
[  99% ] [90m[1mreimport[22m | Preparing files to reimport...[39m[0m
[  99% ] [90m[1mreimport[22m | Preparing files to reimport...[39m[0m
[  99% ] [90m[1mreimport[22m | Preparing files to reimport...[39m[0m
[  99% ] [90m[1mreimport[22m | Preparing files to reimport...[39m[0m
[  99% ] [90m[1mreimport[22m | Preparing files to reimport...[39m[0m
[  99% ] [90m[1mreimport[22m | Preparing files to reimport...[39m[0m
[  99% ] [90m[1mreimport[22m | Preparing files to reimport...[39m[0m
[   0% ] [90m[1mreimport[22m | Executing pre-reimport operations...[39m[0m
[   0% ] [90m[1mpreload_reimporting_scene[22m | Started Preparing scenes for reload (1 steps)[39m[0m
[   0% ] [90m[1mpreload_reimporting_scene[22m | Analyzing scene [empty][39m[0m
[  50% ] [90m[1mpreload_reimporting_scene[22m | Preparation done.[39m[0m
[92m[ DONE ][39m [1mpreload_reimporting_scene[22m
[0m
[   0% ] [90m[1mreimport[22m | V2_MEMORY_INVENTORY.csv[39m[0m
[   0% ] [90m[1mreimport[22m | V2_MEMORY_INVENTORY.csv[39m[0m
[   0% ] [90m[1mreimport[22m | Xiaolai-Regular.ttf[39m[0m
[   0% ] [90m[1mreimport[22m | SpecialElite-Regular.ttf[39m[0m
[   0% ] [90m[1mreimport[22m | NotoSansSC.ttf[39m[0m
[   0% ] [90m[1mreimport[22m | LibreBaskerville[wght].ttf[39m[0m
[   0% ] [90m[1mreimport[22m | LibreBaskerville-Italic[wght].ttf[39m[0m
[   0% ] [90m[1mreimport[22m | Caveat[wght].ttf[39m[0m
[   0% ] [90m[1mreimport[22m | noto_serif_sc.ttf[39m[0m
[   0% ] [90m[1mreimport[22m | noto_sans_sc.ttf[39m[0m
[   0% ] [90m[1mreimport[22m | lxgw_wenkai_lite.ttf[39m[0m
[   1% ] [90m[1mreimport[22m | V2_MEMORY_INVENTORY.csv[39m[0m
[   1% ] [90m[1mreimport[22m | Xiaolai-Regular.ttf[39m[0m
[   1% ] [90m[1mreimport[22m | SpecialElite-Regular.ttf[39m[0m
[   1% ] [90m[1mreimport[22m | NotoSansSC.ttf[39m[0m
[   1% ] [90m[1mreimport[22m | LibreBaskerville[wght].ttf[39m[0m
[   1% ] [90m[1mreimport[22m | LibreBaskerville-Italic[wght].ttf[39m[0m
[   1% ] [90m[1mreimport[22m | Caveat[wght].ttf[39m[0m
[   1% ] [90m[1mreimport[22m | noto_serif_sc.ttf[39m[0m
[   1% ] [90m[1mreimport[22m | V2_MEMORY_INVENTORY.csv[39m[0m
[   1% ] [90m[1mreimport[22m | Xiaolai-Regular.ttf[39m[0m
[   1% ] [90m[1mreimport[22m | SpecialElite-Regular.ttf[39m[0m
[   2% ] [90m[1mreimport[22m | NotoSansSC.ttf[39m[0m
[   2% ] [90m[1mreimport[22m | LibreBaskerville[wght].ttf[39m[0m
[   2% ] [90m[1mreimport[22m | LibreBaskerville-Italic[wght].ttf[39m[0m
[   2% ] [90m[1mreimport[22m | Caveat[wght].ttf[39m[0m
[   2% ] [90m[1mreimport[22m | noto_serif_sc.ttf[39m[0m
[   2% ] [90m[1mreimport[22m | noto_sans_sc.ttf[39m[0m
[   2% ] [90m[1mreimport[22m | lxgw_wenkai_lite.ttf[39m[0m
[   2% ] [90m[1mreimport[22m | Xiaolai-Regular.ttf[39m[0m
[   2% ] [90m[1mreimport[22m | strokes.mp3[39m[0m
[   2% ] [90m[1mreimport[22m | stamp.mp3[39m[0m
[   2% ] [90m[1mreimport[22m | tape.mp3[39m[0m
[   3% ] [90m[1mreimport[22m | tear.mp3[39m[0m
[   3% ] [90m[1mreimport[22m | scissors.mp3[39m[0m
[   3% ] [90m[1mreimport[22m | rustle.mp3[39m[0m
[   3% ] [90m[1mreimport[22m | paper.mp3[39m[0m
[   3% ] [90m[1mreimport[22m | match.mp3[39m[0m
[   3% ] [90m[1mreimport[22m | metalPot2.ogg[39m[0m
[   3% ] [90m[1mreimport[22m | confirmation_001.ogg[39m[0m
[   3% ] [90m[1mreimport[22m | click_005.ogg[39m[0m
[   3% ] [90m[1mreimport[22m | card-fan-1.ogg[39m[0m
[   3% ] [90m[1mreimport[22m | card-fan-2.ogg[39m[0m
[   3% ] [90m[1mreimport[22m | card-place-1.ogg[39m[0m
[   4% ] [90m[1mreimport[22m | card-place-2.ogg[39m[0m
[   4% ] [90m[1mreimport[22m | card-place-3.ogg[39m[0m
[   4% ] [90m[1mreimport[22m | card-place-4.ogg[39m[0m
[   4% ] [90m[1mreimport[22m | card-shove-1.ogg[39m[0m
[   4% ] [90m[1mreimport[22m | wood.ogg[39m[0m
[   4% ] [90m[1mreimport[22m | shop_lofi.ogg[39m[0m
[   4% ] [90m[1mreimport[22m | rain.ogg[39m[0m
[   4% ] [90m[1mreimport[22m | paper.ogg[39m[0m
[   4% ] [90m[1mreimport[22m | metal.ogg[39m[0m
[   4% ] [90m[1mreimport[22m | bird.ogg[39m[0m
[   4% ] [90m[1mreimport[22m | card-shove-2.ogg[39m[0m
[   5% ] [90m[1mreimport[22m | card-shove-3.ogg[39m[0m
[   5% ] [90m[1mreimport[22m | card-shove-4.ogg[39m[0m
[   5% ] [90m[1mreimport[22m | card-shuffle.ogg[39m[0m
[   5% ] [90m[1mreimport[22m | card-slide-1.ogg[39m[0m
[   5% ] [90m[1mreimport[22m | card-slide-2.ogg[39m[0m
[   5% ] [90m[1mreimport[22m | card-slide-3.ogg[39m[0m
[   5% ] [90m[1mreimport[22m | card-slide-4.ogg[39m[0m
[   5% ] [90m[1mreimport[22m | back_001.ogg[39m[0m
[   5% ] [90m[1mreimport[22m | card-slide-5.ogg[39m[0m
[   5% ] [90m[1mreimport[22m | click_001.ogg[39m[0m
[   5% ] [90m[1mreimport[22m | card-slide-6.ogg[39m[0m
[   6% ] [90m[1mreimport[22m | card-slide-7.ogg[39m[0m
[   6% ] [90m[1mreimport[22m | card-slide-8.ogg[39m[0m
[   6% ] [90m[1mreimport[22m | click_003.ogg[39m[0m
[   6% ] [90m[1mreimport[22m | confirmation_002.ogg[39m[0m
[   6% ] [90m[1mreimport[22m | error_004.ogg[39m[0m
[   6% ] [90m[1mreimport[22m | scroll_001.ogg[39m[0m
[   6% ] [90m[1mreimport[22m | select_001.ogg[39m[0m
[   6% ] [90m[1mreimport[22m | switch_002.ogg[39m[0m
[   6% ] [90m[1mreimport[22m | switch_003.ogg[39m[0m
[   6% ] [90m[1mreimport[22m | bookClose.ogg[39m[0m
[   6% ] [90m[1mreimport[22m | bookFlip1.ogg[39m[0m
[   7% ] [90m[1mreimport[22m | bookFlip2.ogg[39m[0m
[   7% ] [90m[1mreimport[22m | click1.ogg[39m[0m
[   7% ] [90m[1mreimport[22m | click2.ogg[39m[0m
[   7% ] [90m[1mreimport[22m | click3.ogg[39m[0m
[   7% ] [90m[1mreimport[22m | click4.ogg[39m[0m
[   7% ] [90m[1mreimport[22m | click5.ogg[39m[0m
[   7% ] [90m[1mreimport[22m | V2_MEMORY_INVENTORY.csv[39m[0m
[   7% ] [90m[1mreimport[22m | Xiaolai-Regular.ttf[39m[0m
[   7% ] [90m[1mreimport[22m | SpecialElite-Regular.ttf[39m[0m
[   7% ] [90m[1mreimport[22m | NotoSansSC.ttf[39m[0m
[   7% ] [90m[1mreimport[22m | LibreBaskerville[wght].ttf[39m[0m
[   8% ] [90m[1mreimport[22m | LibreBaskerville-Italic[wght].ttf[39m[0m
[   8% ] [90m[1mreimport[22m | Caveat[wght].ttf[39m[0m
[   8% ] [90m[1mreimport[22m | noto_serif_sc.ttf[39m[0m
[   8% ] [90m[1mreimport[22m | noto_sans_sc.ttf[39m[0m
[   8% ] [90m[1mreimport[22m | lxgw_wenkai_lite.ttf[39m[0m
[   8% ] [90m[1mreimport[22m | Xiaolai-Regular.ttf[39m[0m
[   8% ] [90m[1mreimport[22m | strokes.mp3[39m[0m
[   8% ] [90m[1mreimport[22m | stamp.mp3[39m[0m
[   8% ] [90m[1mreimport[22m | tape.mp3[39m[0m
[   8% ] [90m[1mreimport[22m | tear.mp3[39m[0m
[   8% ] [90m[1mreimport[22m | scissors.mp3[39m[0m
[   9% ] [90m[1mreimport[22m | rustle.mp3[39m[0m
[   9% ] [90m[1mreimport[22m | paper.mp3[39m[0m
[   9% ] [90m[1mreimport[22m | match.mp3[39m[0m
[   9% ] [90m[1mreimport[22m | metalPot2.ogg[39m[0m
[   9% ] [90m[1mreimport[22m | confirmation_001.ogg[39m[0m
[   9% ] [90m[1mreimport[22m | click_005.ogg[39m[0m
[   9% ] [90m[1mreimport[22m | card-fan-1.ogg[39m[0m
[   9% ] [90m[1mreimport[22m | card-fan-2.ogg[39m[0m
[   9% ] [90m[1mreimport[22m | card-place-1.ogg[39m[0m
[   9% ] [90m[1mreimport[22m | card-place-2.ogg[39m[0m
[   9% ] [90m[1mreimport[22m | card-place-3.ogg[39m[0m
[  10% ] [90m[1mreimport[22m | card-place-4.ogg[39m[0m
[  10% ] [90m[1mreimport[22m | card-place-4.ogg[39m[0m
[  10% ] [90m[1mreimport[22m | card-shove-1.ogg[39m[0m
[  10% ] [90m[1mreimport[22m | card-shove-1.ogg[39m[0m
[  10% ] [90m[1mreimport[22m | card-shove-1.ogg[39m[0m
[  10% ] [90m[1mreimport[22m | wood.ogg[39m[0m
[  10% ] [90m[1mreimport[22m | shop_lofi.ogg[39m[0m
[  10% ] [90m[1mreimport[22m | rain.ogg[39m[0m
[  10% ] [90m[1mreimport[22m | paper.ogg[39m[0m
[  10% ] [90m[1mreimport[22m | metal.ogg[39m[0m
[  10% ] [90m[1mreimport[22m | bird.ogg[39m[0m
[  10% ] [90m[1mreimport[22m | card-shove-2.ogg[39m[0m
[  10% ] [90m[1mreimport[22m | card-shove-3.ogg[39m[0m
[  10% ] [90m[1mreimport[22m | card-shove-4.ogg[39m[0m
[  11% ] [90m[1mreimport[22m | card-shuffle.ogg[39m[0m
[  11% ] [90m[1mreimport[22m | card-slide-1.ogg[39m[0m
[  11% ] [90m[1mreimport[22m | card-slide-2.ogg[39m[0m
[  11% ] [90m[1mreimport[22m | card-slide-2.ogg[39m[0m
[  11% ] [90m[1mreimport[22m | card-slide-3.ogg[39m[0m
[  11% ] [90m[1mreimport[22m | card-slide-4.ogg[39m[0m
[  11% ] [90m[1mreimport[22m | card-slide-4.ogg[39m[0m
[  11% ] [90m[1mreimport[22m | card-slide-4.ogg[39m[0m
[  11% ] [90m[1mreimport[22m | card-slide-4.ogg[39m[0m
[  11% ] [90m[1mreimport[22m | card-slide-4.ogg[39m[0m
[  11% ] [90m[1mreimport[22m | back_001.ogg[39m[0m
[  11% ] [90m[1mreimport[22m | back_001.ogg[39m[0m
[  11% ] [90m[1mreimport[22m | card-slide-5.ogg[39m[0m
[  11% ] [90m[1mreimport[22m | card-slide-5.ogg[39m[0m
[  11% ] [90m[1mreimport[22m | card-slide-5.ogg[39m[0m
[  11% ] [90m[1mreimport[22m | click_001.ogg[39m[0m
[  11% ] [90m[1mreimport[22m | click_001.ogg[39m[0m
[  11% ] [90m[1mreimport[22m | click_001.ogg[39m[0m
[  11% ] [90m[1mreimport[22m | card-slide-6.ogg[39m[0m
[  11% ] [90m[1mreimport[22m | card-slide-6.ogg[39m[0m
[  11% ] [90m[1mreimport[22m | card-slide-7.ogg[39m[0m
[  11% ] [90m[1mreimport[22m | card-slide-7.ogg[39m[0m
[  11% ] [90m[1mreimport[22m | card-slide-8.ogg[39m[0m
[  11% ] [90m[1mreimport[22m | card-slide-8.ogg[39m[0m
[  12% ] [90m[1mreimport[22m | click_003.ogg[39m[0m
[  12% ] [90m[1mreimport[22m | click_003.ogg[39m[0m
[  12% ] [90m[1mreimport[22m | confirmation_002.ogg[39m[0m
[  12% ] [90m[1mreimport[22m | confirmation_002.ogg[39m[0m
[  12% ] [90m[1mreimport[22m | error_004.ogg[39m[0m
[  12% ] [90m[1mreimport[22m | error_004.ogg[39m[0m
[  12% ] [90m[1mreimport[22m | scroll_001.ogg[39m[0m
[  12% ] [90m[1mreimport[22m | select_001.ogg[39m[0m
[  12% ] [90m[1mreimport[22m | switch_002.ogg[39m[0m
[  12% ] [90m[1mreimport[22m | switch_003.ogg[39m[0m
[  12% ] [90m[1mreimport[22m | bookClose.ogg[39m[0m
[  12% ] [90m[1mreimport[22m | bookFlip1.ogg[39m[0m
[  12% ] [90m[1mreimport[22m | bookFlip2.ogg[39m[0m
[  12% ] [90m[1mreimport[22m | click1.ogg[39m[0m
[  13% ] [90m[1mreimport[22m | click2.ogg[39m[0m
[  13% ] [90m[1mreimport[22m | click3.ogg[39m[0m
[  13% ] [90m[1mreimport[22m | click4.ogg[39m[0m
[  13% ] [90m[1mreimport[22m | click5.ogg[39m[0m
[  13% ] [90m[1mreimport[22m | ocean-waves.ogg[39m[0m
[  13% ] [90m[1mreimport[22m | pencil.ogg[39m[0m
[  13% ] [90m[1mreimport[22m | cloth2.ogg[39m[0m
[  13% ] [90m[1mreimport[22m | handleCoins2.ogg[39m[0m
[  13% ] [90m[1mreimport[22m | cloth1.ogg[39m[0m
[  13% ] [90m[1mreimport[22m | handleCoins.ogg[39m[0m
[  13% ] [90m[1mreimport[22m | metalPot1.ogg[39m[0m
[  14% ] [90m[1mreimport[22m | chop.ogg[39m[0m
[  14% ] [90m[1mreimport[22m | doorClose_1.ogg[39m[0m
[  14% ] [90m[1mreimport[22m | doorOpen_1.ogg[39m[0m
[  14% ] [90m[1mreimport[22m | bookOpen.ogg[39m[0m
[  14% ] [90m[1mreimport[22m | bookFlip3.ogg[39m[0m
[  14% ] [90m[1mreimport[22m | pen_write_06.ogg[39m[0m
[  14% ] [90m[1mreimport[22m | pen_write_05.ogg[39m[0m
[  14% ] [90m[1mreimport[22m | pen_write_04.ogg[39m[0m
[  14% ] [90m[1mreimport[22m | pen_write_03.ogg[39m[0m
[  14% ] [90m[1mreimport[22m | pen_write_02.ogg[39m[0m
[  14% ] [90m[1mreimport[22m | pen_write_01.ogg[39m[0m
[  15% ] [90m[1mreimport[22m | pen_erase.ogg[39m[0m
[  15% ] [90m[1mreimport[22m | lower-q.png[39m[0m
[  15% ] [90m[1mreimport[22m | lower-p.png[39m[0m
[  15% ] [90m[1mreimport[22m | lower-o.png[39m[0m
[  15% ] [90m[1mreimport[22m | lower-n.png[39m[0m
[  15% ] [90m[1mreimport[22m | lower-r.png[39m[0m
[  15% ] [90m[1mreimport[22m | lower-s.png[39m[0m
[  15% ] [90m[1mreimport[22m | lower-t.png[39m[0m
[  15% ] [90m[1mreimport[22m | lower-u.png[39m[0m
[  15% ] [90m[1mreimport[22m | lower-v.png[39m[0m
[  15% ] [90m[1mreimport[22m | lower-w.png[39m[0m
[  16% ] [90m[1mreimport[22m | lower-x.png[39m[0m
[  16% ] [90m[1mreimport[22m | lower-m.png[39m[0m
[  16% ] [90m[1mreimport[22m | lower-l.png[39m[0m
[  16% ] [90m[1mreimport[22m | lower-k.png[39m[0m
[  16% ] [90m[1mreimport[22m | lower-j.png[39m[0m
[  16% ] [90m[1mreimport[22m | lower-i.png[39m[0m
[  16% ] [90m[1mreimport[22m | lower-h.png[39m[0m
[  16% ] [90m[1mreimport[22m | lower-g.png[39m[0m
[  16% ] [90m[1mreimport[22m | lower-f.png[39m[0m
[  16% ] [90m[1mreimport[22m | lower-e.png[39m[0m
[  16% ] [90m[1mreimport[22m | lower-d.png[39m[0m
[  17% ] [90m[1mreimport[22m | lower-c.png[39m[0m
[  17% ] [90m[1mreimport[22m | lower-b.png[39m[0m
[  17% ] [90m[1mreimport[22m | met-436532.jpg[39m[0m
[  17% ] [90m[1mreimport[22m | met-436534.jpg[39m[0m
[  17% ] [90m[1mreimport[22m | met-436535.jpg[39m[0m
[  17% ] [90m[1mreimport[22m | met-437984.jpg[39m[0m
[  17% ] [90m[1mreimport[22m | fibre-kraft.png[39m[0m
[  17% ] [90m[1mreimport[22m | old-scan.jpg[39m[0m
[  17% ] [90m[1mreimport[22m | Papier1.png[39m[0m
[  17% ] [90m[1mreimport[22m | Papier2.png[39m[0m
[  17% ] [90m[1mreimport[22m | Papier3.png[39m[0m
[  18% ] [90m[1mreimport[22m | Papier4.png[39m[0m
[  18% ] [90m[1mreimport[22m | Papier5.png[39m[0m
[  18% ] [90m[1mreimport[22m | Papier6.png[39m[0m
[  18% ] [90m[1mreimport[22m | Papier7.png[39m[0m
[  18% ] [90m[1mreimport[22m | Papier8.png[39m[0m
[  18% ] [90m[1mreimport[22m | Papier9.png[39m[0m
[  18% ] [90m[1mreimport[22m | Papier10.png[39m[0m
[  18% ] [90m[1mreimport[22m | Papier11.png[39m[0m
[  18% ] [90m[1mreimport[22m | Papier12.png[39m[0m
[  18% ] [90m[1mreimport[22m | Papier13.png[39m[0m
[  18% ] [90m[1mreimport[22m | watercolor_1_0.jpg[39m[0m
[  19% ] [90m[1mreimport[22m | watercolor_2_0.jpg[39m[0m
[  19% ] [90m[1mreimport[22m | watercolor_3_0.jpg[39m[0m
[  19% ] [90m[1mreimport[22m | watercolor_4_0.jpg[39m[0m
[  19% ] [90m[1mreimport[22m | watercolor_5_0.jpg[39m[0m
[  19% ] [90m[1mreimport[22m | watercolor_6_0.jpg[39m[0m
[  19% ] [90m[1mreimport[22m | watercolor_7_0.jpg[39m[0m
[  19% ] [90m[1mreimport[22m | watercolor_8_0.jpg[39m[0m
[  19% ] [90m[1mreimport[22m | watercolor_9_0.jpg[39m[0m
[  19% ] [90m[1mreimport[22m | watercolor_10_0.jpg[39m[0m
[  19% ] [90m[1mreimport[22m | lower-y.png[39m[0m
[  20% ] [90m[1mreimport[22m | lower-z.png[39m[0m
[  20% ] [90m[1mreimport[22m | upper-a.png[39m[0m
[  20% ] [90m[1mreimport[22m | upper-b.png[39m[0m
[  20% ] [90m[1mreimport[22m | upper-c.png[39m[0m
[  20% ] [90m[1mreimport[22m | upper-d.png[39m[0m
[  20% ] [90m[1mreimport[22m | upper-e.png[39m[0m
[  20% ] [90m[1mreimport[22m | upper-f.png[39m[0m
[  20% ] [90m[1mreimport[22m | upper-g.png[39m[0m
[  20% ] [90m[1mreimport[22m | upper-h.png[39m[0m
[  20% ] [90m[1mreimport[22m | upper-i.png[39m[0m
[  20% ] [90m[1mreimport[22m | upper-j.png[39m[0m
[  21% ] [90m[1mreimport[22m | upper-k.png[39m[0m
[  21% ] [90m[1mreimport[22m | upper-l.png[39m[0m
[  21% ] [90m[1mreimport[22m | upper-m.png[39m[0m
[  21% ] [90m[1mreimport[22m | upper-n.png[39m[0m
[  21% ] [90m[1mreimport[22m | upper-o.png[39m[0m
[  21% ] [90m[1mreimport[22m | upper-p.png[39m[0m
[  21% ] [90m[1mreimport[22m | upper-q.png[39m[0m
[  21% ] [90m[1mreimport[22m | upper-r.png[39m[0m
[  21% ] [90m[1mreimport[22m | upper-s.png[39m[0m
[  21% ] [90m[1mreimport[22m | upper-t.png[39m[0m
[  21% ] [90m[1mreimport[22m | upper-u.png[39m[0m
[  22% ] [90m[1mreimport[22m | upper-v.png[39m[0m
[  22% ] [90m[1mreimport[22m | upper-w.png[39m[0m
[  22% ] [90m[1mreimport[22m | upper-x.png[39m[0m
[  22% ] [90m[1mreimport[22m | upper-y.png[39m[0m
[  22% ] [90m[1mreimport[22m | upper-z.png[39m[0m
[  22% ] [90m[1mreimport[22m | met-435882.jpg[39m[0m
[  22% ] [90m[1mreimport[22m | met-436528.jpg[39m[0m
[  22% ] [90m[1mreimport[22m | extra-basketball.svg[39m[0m
[  22% ] [90m[1mreimport[22m | extra-bear.svg[39m[0m
[  22% ] [90m[1mreimport[22m | extra-beer.svg[39m[0m
[  22% ] [90m[1mreimport[22m | extra-bike.svg[39m[0m
[  23% ] [90m[1mreimport[22m | extra-binoculars.svg[39m[0m
[  23% ] [90m[1mreimport[22m | extra-bowl.svg[39m[0m
[  23% ] [90m[1mreimport[22m | extra-bridge.svg[39m[0m
[  23% ] [90m[1mreimport[22m | extra-bullhorn.svg[39m[0m
[  23% ] [90m[1mreimport[22m | extra-bus.svg[39m[0m
[  23% ] [90m[1mreimport[22m | extra-cactus.svg[39m[0m
[  23% ] [90m[1mreimport[22m | extra-carrot.svg[39m[0m
[  23% ] [90m[1mreimport[22m | extra-chair.svg[39m[0m
[  23% ] [90m[1mreimport[22m | extra-chest.svg[39m[0m
[  23% ] [90m[1mreimport[22m | extra-chopsticks.svg[39m[0m
[  23% ] [90m[1mreimport[22m | extra-cow.svg[39m[0m
[  24% ] [90m[1mreimport[22m | extra-drink.svg[39m[0m
[  24% ] [90m[1mreimport[22m | extra-eggplant.svg[39m[0m
[  24% ] [90m[1mreimport[22m | extra-fishing-rod.svg[39m[0m
[  24% ] [90m[1mreimport[22m | extra-flowerpot.svg[39m[0m
[  24% ] [90m[1mreimport[22m | extra-fog.svg[39m[0m
[  24% ] [90m[1mreimport[22m | extra-forest.svg[39m[0m
[  24% ] [90m[1mreimport[22m | extra-fork.svg[39m[0m
[  24% ] [90m[1mreimport[22m | extra-fox.svg[39m[0m
[  24% ] [90m[1mreimport[22m | extra-glass-of-water.svg[39m[0m
[  24% ] [90m[1mreimport[22m | extra-grass.svg[39m[0m
[  24% ] [90m[1mreimport[22m | extra-ham.svg[39m[0m
[  25% ] [90m[1mreimport[22m | extra-hammer.svg[39m[0m
[  25% ] [90m[1mreimport[22m | extra-horse.svg[39m[0m
[  25% ] [90m[1mreimport[22m | final_home.png[39m[0m
[  25% ] [90m[1mreimport[22m | final_map.png[39m[0m
[  25% ] [90m[1mreimport[22m | final_organize.png[39m[0m
[  25% ] [90m[1mreimport[22m | final_recorder.png[39m[0m
[  25% ] [90m[1mreimport[22m | final_requirements.png[39m[0m
[  25% ] [90m[1mreimport[22m | final_town.png[39m[0m
[  25% ] [90m[1mreimport[22m | patch_map_route.png[39m[0m
[  25% ] [90m[1mreimport[22m | patch_requirements.png[39m[0m
[  25% ] [90m[1mreimport[22m | patch_starter_packet.png[39m[0m
[  26% ] [90m[1mreimport[22m | desk-reference-v3.png[39m[0m
[  26% ] [90m[1mreimport[22m | desk-room-v2.png[39m[0m
[  26% ] [90m[1mreimport[22m | tool-roll-v2.png[39m[0m
[  26% ] [90m[1mreimport[22m | apple.svg[39m[0m
[  26% ] [90m[1mreimport[22m | book.svg[39m[0m
[  26% ] [90m[1mreimport[22m | bread.svg[39m[0m
[  26% ] [90m[1mreimport[22m | bulrush.svg[39m[0m
[  26% ] [90m[1mreimport[22m | camera.svg[39m[0m
[  26% ] [90m[1mreimport[22m | cat.svg[39m[0m
[  26% ] [90m[1mreimport[22m | cloud.svg[39m[0m
[  26% ] [90m[1mreimport[22m | clover.svg[39m[0m
[  27% ] [90m[1mreimport[22m | compass.svg[39m[0m
[  27% ] [90m[1mreimport[22m | dog.svg[39m[0m
[  27% ] [90m[1mreimport[22m | extra-a-bottle-of-water.svg[39m[0m
[  27% ] [90m[1mreimport[22m | extra-anchor.svg[39m[0m
[  27% ] [90m[1mreimport[22m | extra-animal.svg[39m[0m
[  27% ] [90m[1mreimport[22m | extra-backpack.svg[39m[0m
[  27% ] [90m[1mreimport[22m | extra-bamboo-shoots.svg[39m[0m
[  27% ] [90m[1mreimport[22m | extra-bamboo.svg[39m[0m
[  27% ] [90m[1mreimport[22m | extra-soccer.svg[39m[0m
[  27% ] [90m[1mreimport[22m | extra-spoon.svg[39m[0m
[  27% ] [90m[1mreimport[22m | extra-stone.svg[39m[0m
[  28% ] [90m[1mreimport[22m | extra-tool-kit.svg[39m[0m
[  28% ] [90m[1mreimport[22m | extra-volcano.svg[39m[0m
[  28% ] [90m[1mreimport[22m | extra-water.svg[39m[0m
[  28% ] [90m[1mreimport[22m | extra-wind.svg[39m[0m
[  28% ] [90m[1mreimport[22m | extra-wineglass.svg[39m[0m
[  28% ] [90m[1mreimport[22m | extra-wolf.svg[39m[0m
[  28% ] [90m[1mreimport[22m | extra-wood.svg[39m[0m
[  28% ] [90m[1mreimport[22m | extra-wrench.svg[39m[0m
[  28% ] [90m[1mreimport[22m | extra-zongzi.svg[39m[0m
[  28% ] [90m[1mreimport[22m | fish.svg[39m[0m
[  28% ] [90m[1mreimport[22m | flower.svg[39m[0m
[  29% ] [90m[1mreimport[22m | key.svg[39m[0m
[  29% ] [90m[1mreimport[22m | leaves.svg[39m[0m
[  29% ] [90m[1mreimport[22m | mountain.svg[39m[0m
[  29% ] [90m[1mreimport[22m | music.svg[39m[0m
[  29% ] [90m[1mreimport[22m | night.svg[39m[0m
[  29% ] [90m[1mreimport[22m | paper-boat.svg[39m[0m
[  29% ] [90m[1mreimport[22m | paper-plane.svg[39m[0m
[  29% ] [90m[1mreimport[22m | rain.svg[39m[0m
[  29% ] [90m[1mreimport[22m | sea.svg[39m[0m
[  29% ] [90m[1mreimport[22m | star.svg[39m[0m
[  29% ] [90m[1mreimport[22m | sun.svg[39m[0m
[  30% ] [90m[1mreimport[22m | tree.svg[39m[0m
[  30% ] [90m[1mreimport[22m | umbrella.svg[39m[0m
[  30% ] [90m[1mreimport[22m | lower-a.png[39m[0m
[  30% ] [90m[1mreimport[22m | extra-house.svg[39m[0m
[  30% ] [90m[1mreimport[22m | extra-jellyfish.svg[39m[0m
[  30% ] [90m[1mreimport[22m | extra-kettle.svg[39m[0m
[  30% ] [90m[1mreimport[22m | extra-lantern.svg[39m[0m
[  30% ] [90m[1mreimport[22m | extra-light.svg[39m[0m
[  30% ] [90m[1mreimport[22m | extra-lightning.svg[39m[0m
[  30% ] [90m[1mreimport[22m | extra-magnet.svg[39m[0m
[  30% ] [90m[1mreimport[22m | extra-map.svg[39m[0m
[  31% ] [90m[1mreimport[22m | extra-meteor.svg[39m[0m
[  31% ] [90m[1mreimport[22m | extra-milk.svg[39m[0m
[  31% ] [90m[1mreimport[22m | extra-mouse.svg[39m[0m
[  31% ] [90m[1mreimport[22m | extra-onigiri.svg[39m[0m
[  31% ] [90m[1mreimport[22m | extra-panda.svg[39m[0m
[  31% ] [90m[1mreimport[22m | extra-peach.svg[39m[0m
[  31% ] [90m[1mreimport[22m | extra-pear.svg[39m[0m
[  31% ] [90m[1mreimport[22m | extra-pig.svg[39m[0m
[  31% ] [90m[1mreimport[22m | extra-plate.svg[39m[0m
[  31% ] [90m[1mreimport[22m | extra-potato.svg[39m[0m
[  31% ] [90m[1mreimport[22m | extra-pushpin.svg[39m[0m
[  32% ] [90m[1mreimport[22m | extra-rabbit.svg[39m[0m
[  32% ] [90m[1mreimport[22m | extra-rainbow.svg[39m[0m
[  32% ] [90m[1mreimport[22m | extra-rice.svg[39m[0m
[  32% ] [90m[1mreimport[22m | extra-river.svg[39m[0m
[  32% ] [90m[1mreimport[22m | extra-ruler.svg[39m[0m
[  32% ] [90m[1mreimport[22m | extra-scissors.svg[39m[0m
[  32% ] [90m[1mreimport[22m | extra-sheep.svg[39m[0m
[  32% ] [90m[1mreimport[22m | extra-shop.svg[39m[0m
[  32% ] [90m[1mreimport[22m | extra-shrimp.svg[39m[0m
[  32% ] [90m[1mreimport[22m | extra-snowflake.svg[39m[0m
[  32% ] [90m[1mreimport[22m | ice_cream.png[39m[0m
[  33% ] [90m[1mreimport[22m | ketchup.png[39m[0m
[  33% ] [90m[1mreimport[22m | lemon.png[39m[0m
[  33% ] [90m[1mreimport[22m | lettuce.png[39m[0m
[  33% ] [90m[1mreimport[22m | lipstick.png[39m[0m
[  33% ] [90m[1mreimport[22m | lotus_root.png[39m[0m
[  33% ] [90m[1mreimport[22m | mango.png[39m[0m
[  33% ] [90m[1mreimport[22m | mayonnaise.png[39m[0m
[  33% ] [90m[1mreimport[22m | milk.png[39m[0m
[  33% ] [90m[1mreimport[22m | miso.png[39m[0m
[  33% ] [90m[1mreimport[22m | mushroom.png[39m[0m
[  33% ] [90m[1mreimport[22m | mussel.png[39m[0m
[  34% ] [90m[1mreimport[22m | mustard.png[39m[0m
[  34% ] [90m[1mreimport[22m | natto.png[39m[0m
[  34% ] [90m[1mreimport[22m | noodles.png[39m[0m
[  34% ] [90m[1mreimport[22m | oil.png[39m[0m
[  34% ] [90m[1mreimport[22m | onion.png[39m[0m
[  34% ] [90m[1mreimport[22m | paper.png[39m[0m
[  34% ] [90m[1mreimport[22m | peach.png[39m[0m
[  34% ] [90m[1mreimport[22m | pepper.png[39m[0m
[  34% ] [90m[1mreimport[22m | perfume.png[39m[0m
[  34% ] [90m[1mreimport[22m | pork.png[39m[0m
[  34% ] [90m[1mreimport[22m | potato.png[39m[0m
[  35% ] [90m[1mreimport[22m | pumpkin.png[39m[0m
[  35% ] [90m[1mreimport[22m | resignation_letter.png[39m[0m
[  35% ] [90m[1mreimport[22m | rock.png[39m[0m
[  35% ] [90m[1mreimport[22m | rubber_duck.png[39m[0m
[  35% ] [90m[1mreimport[22m | salt.png[39m[0m
[  35% ] [90m[1mreimport[22m | sausage.png[39m[0m
[  35% ] [90m[1mreimport[22m | seaweed.png[39m[0m
[  35% ] [90m[1mreimport[22m | sesame_oil.png[39m[0m
[  35% ] [90m[1mreimport[22m | blue_cheese.png[39m[0m
[  35% ] [90m[1mreimport[22m | bread.png[39m[0m
[  35% ] [90m[1mreimport[22m | broccoli.png[39m[0m
[  36% ] [90m[1mreimport[22m | butter.png[39m[0m
[  36% ] [90m[1mreimport[22m | button.png[39m[0m
[  36% ] [90m[1mreimport[22m | cabbage.png[39m[0m
[  36% ] [90m[1mreimport[22m | candle.png[39m[0m
[  36% ] [90m[1mreimport[22m | carrot.png[39m[0m
[  36% ] [90m[1mreimport[22m | century_egg.png[39m[0m
[  36% ] [90m[1mreimport[22m | cheese.png[39m[0m
[  36% ] [90m[1mreimport[22m | chicken.png[39m[0m
[  36% ] [90m[1mreimport[22m | chili.png[39m[0m
[  36% ] [90m[1mreimport[22m | chili_sauce.png[39m[0m
[  36% ] [90m[1mreimport[22m | chocolate.png[39m[0m
[  37% ] [90m[1mreimport[22m | computer_mouse.png[39m[0m
[  37% ] [90m[1mreimport[22m | confetti.png[39m[0m
[  37% ] [90m[1mreimport[22m | corn.png[39m[0m
[  37% ] [90m[1mreimport[22m | cucumber.png[39m[0m
[  37% ] [90m[1mreimport[22m | cumin.png[39m[0m
[  37% ] [90m[1mreimport[22m | curry.png[39m[0m
[  37% ] [90m[1mreimport[22m | dentures.png[39m[0m
[  37% ] [90m[1mreimport[22m | doll.png[39m[0m
[  37% ] [90m[1mreimport[22m | durian.png[39m[0m
[  37% ] [90m[1mreimport[22m | egg.png[39m[0m
[  37% ] [90m[1mreimport[22m | eggplant.png[39m[0m
[  38% ] [90m[1mreimport[22m | eraser.png[39m[0m
[  38% ] [90m[1mreimport[22m | garlic.png[39m[0m
[  38% ] [90m[1mreimport[22m | ginger.png[39m[0m
[  38% ] [90m[1mreimport[22m | grapes.png[39m[0m
[  38% ] [90m[1mreimport[22m | honey.png[39m[0m
[  38% ] [90m[1mreimport[22m | houttuynia.png[39m[0m
[  38% ] [90m[1mreimport[22m | flat_foods_b.png[39m[0m
[  38% ] [90m[1mreimport[22m | flat_foods_c.png[39m[0m
[  38% ] [90m[1mreimport[22m | flat_foods_d.png[39m[0m
[  38% ] [90m[1mreimport[22m | skillet.png[39m[0m
[  38% ] [90m[1mreimport[22m | staples.png[39m[0m
[  39% ] [90m[1mreimport[22m | bell_pepper_brown.jpg[39m[0m
[  39% ] [90m[1mreimport[22m | bell_pepper_gold.jpg[39m[0m
[  39% ] [90m[1mreimport[22m | bell_pepper_green.jpg[39m[0m
[  39% ] [90m[1mreimport[22m | bell_pepper_lavender.jpg[39m[0m
[  39% ] [90m[1mreimport[22m | bell_pepper_orange.jpg[39m[0m
[  39% ] [90m[1mreimport[22m | bell_pepper_purple.jpg[39m[0m
[  39% ] [90m[1mreimport[22m | bell_pepper_purple.jpg[39m[0m
[  39% ] [90m[1mreimport[22m | bell_pepper_white.jpg[39m[0m
[  39% ] [90m[1mreimport[22m | bell_pepper_white.jpg[39m[0m
[  39% ] [90m[1mreimport[22m | bell_pepper_yellow.jpg[39m[0m
[  39% ] [90m[1mreimport[22m | carrot.jpg[39m[0m
[  39% ] [90m[1mreimport[22m | eggplant.jpg[39m[0m
[  39% ] [90m[1mreimport[22m | eggplant.jpg[39m[0m
[  39% ] [90m[1mreimport[22m | eggplant.jpg[39m[0m
[  40% ] [90m[1mreimport[22m | onion.jpg[39m[0m
[  40% ] [90m[1mreimport[22m | potato.jpg[39m[0m
[  40% ] [90m[1mreimport[22m | zucchini.jpg[39m[0m
[  40% ] [90m[1mreimport[22m | customers.png[39m[0m
[  40% ] [90m[1mreimport[22m | food_atlas_1.png[39m[0m
[  40% ] [90m[1mreimport[22m | food_atlas_2.png[39m[0m
[  40% ] [90m[1mreimport[22m | food_atlas_3.png[39m[0m
[  40% ] [90m[1mreimport[22m | food_atlas_4.png[39m[0m
[  40% ] [90m[1mreimport[22m | food_atlas_5.png[39m[0m
[  40% ] [90m[1mreimport[22m | kitchen_daylight.png[39m[0m
[  40% ] [90m[1mreimport[22m | kitchen_daylight_mediterranean.png[39m[0m
[  41% ] [90m[1mreimport[22m | kitchen_props.png[39m[0m
[  41% ] [90m[1mreimport[22m | kitchen_reference_no_recipe_stand.png[39m[0m
[  41% ] [90m[1mreimport[22m | kitchen_reference_playable.png[39m[0m
[  41% ] [90m[1mreimport[22m | odd_objects.png[39m[0m
[  41% ] [90m[1mreimport[22m | completion-dialogue.png[39m[0m
[  41% ] [90m[1mreimport[22m | shrimp.png[39m[0m
[  41% ] [90m[1mreimport[22m | slipper.png[39m[0m
[  41% ] [90m[1mreimport[22m | soap.png[39m[0m
[  41% ] [90m[1mreimport[22m | soap_smooth.png[39m[0m
[  41% ] [90m[1mreimport[22m | sock.png[39m[0m
[  41% ] [90m[1mreimport[22m | soy_sauce.png[39m[0m
[  42% ] [90m[1mreimport[22m | spinach.png[39m[0m
[  42% ] [90m[1mreimport[22m | sponge.png[39m[0m
[  42% ] [90m[1mreimport[22m | spring.png[39m[0m
[  42% ] [90m[1mreimport[22m | squid.png[39m[0m
[  42% ] [90m[1mreimport[22m | stinky_tofu.png[39m[0m
[  42% ] [90m[1mreimport[22m | stinky_tofu.png[39m[0m
[  42% ] [90m[1mreimport[22m | stinky_tofu.png[39m[0m
[  42% ] [90m[1mreimport[22m | strawberry.png[39m[0m
[  42% ] [90m[1mreimport[22m | strawberry.png[39m[0m
[  42% ] [90m[1mreimport[22m | strawberry.png[39m[0m
[  42% ] [90m[1mreimport[22m | sugar.png[39m[0m
[  42% ] [90m[1mreimport[22m | sugar.png[39m[0m
[  42% ] [90m[1mreimport[22m | sugar.png[39m[0m
[  42% ] [90m[1mreimport[22m | tapioca.png[39m[0m
[  42% ] [90m[1mreimport[22m | tapioca.png[39m[0m
[  42% ] [90m[1mreimport[22m | tea.png[39m[0m
[  42% ] [90m[1mreimport[22m | tea.png[39m[0m
[  42% ] [90m[1mreimport[22m | tea.png[39m[0m
[  42% ] [90m[1mreimport[22m | tennis_ball.png[39m[0m
[  42% ] [90m[1mreimport[22m | tennis_ball.png[39m[0m
[  42% ] [90m[1mreimport[22m | tennis_ball.png[39m[0m
[  42% ] [90m[1mreimport[22m | tofu.png[39m[0m
[  42% ] [90m[1mreimport[22m | tofu.png[39m[0m
[  42% ] [90m[1mreimport[22m | tofu.png[39m[0m
[  43% ] [90m[1mreimport[22m | toilet_paper.png[39m[0m
[  43% ] [90m[1mreimport[22m | toilet_paper.png[39m[0m
[  43% ] [90m[1mreimport[22m | tomato.png[39m[0m
[  43% ] [90m[1mreimport[22m | tomato.png[39m[0m
[  43% ] [90m[1mreimport[22m | toothpaste.png[39m[0m
[  43% ] [90m[1mreimport[22m | toothpaste.png[39m[0m
[  43% ] [90m[1mreimport[22m | toy_brick.png[39m[0m
[  43% ] [90m[1mreimport[22m | toy_brick.png[39m[0m
[  43% ] [90m[1mreimport[22m | toy_brick.png[39m[0m
[  43% ] [90m[1mreimport[22m | vinegar.png[39m[0m
[  43% ] [90m[1mreimport[22m | vinegar.png[39m[0m
[  43% ] [90m[1mreimport[22m | vinegar.png[39m[0m
[  43% ] [90m[1mreimport[22m | watermelon.png[39m[0m
[  43% ] [90m[1mreimport[22m | watermelon.png[39m[0m
[  43% ] [90m[1mreimport[22m | yarn_ball.png[39m[0m
[  43% ] [90m[1mreimport[22m | yarn_ball.png[39m[0m
[  43% ] [90m[1mreimport[22m | yogurt.png[39m[0m
[  43% ] [90m[1mreimport[22m | yogurt.png[39m[0m
[  43% ] [90m[1mreimport[22m | yogurt.png[39m[0m
[  43% ] [90m[1mreimport[22m | zucchini.png[39m[0m
[  43% ] [90m[1mreimport[22m | herbs.png[39m[0m
[  43% ] [90m[1mreimport[22m | sea_beans.png[39m[0m
[  44% ] [90m[1mreimport[22m | star_salt.png[39m[0m
[  44% ] [90m[1mreimport[22m | faucet.png[39m[0m
[  44% ] [90m[1mreimport[22m | flat_foods_a.png[39m[0m
[  44% ] [90m[1mreimport[22m | 04-THE-TOWER-back.png[39m[0m
[  44% ] [90m[1mreimport[22m | 04-THE-TOWER-front.png[39m[0m
[  44% ] [90m[1mreimport[22m | 05-JUSTICE-back.png[39m[0m
[  44% ] [90m[1mreimport[22m | 05-JUSTICE-front.png[39m[0m
[  44% ] [90m[1mreimport[22m | 06-THE-MAGICIAN-back.png[39m[0m
[  44% ] [90m[1mreimport[22m | 06-THE-MAGICIAN-front.png[39m[0m
[  44% ] [90m[1mreimport[22m | 07-THE-CHARIOT-back.png[39m[0m
[  44% ] [90m[1mreimport[22m | 07-THE-CHARIOT-front.png[39m[0m
[  45% ] [90m[1mreimport[22m | 08-THE-STAR-back.png[39m[0m
[  45% ] [90m[1mreimport[22m | 08-THE-STAR-front.png[39m[0m
[  45% ] [90m[1mreimport[22m | 09-TWO-OF-CUPS-back.png[39m[0m
[  45% ] [90m[1mreimport[22m | 09-TWO-OF-CUPS-front.png[39m[0m
[  45% ] [90m[1mreimport[22m | 10-FIVE-OF-CUPS-back.png[39m[0m
[  45% ] [90m[1mreimport[22m | 10-FIVE-OF-CUPS-front.png[39m[0m
[  45% ] [90m[1mreimport[22m | 11-THE-LOVERS-back.png[39m[0m
[  45% ] [90m[1mreimport[22m | 11-THE-LOVERS-back.png[39m[0m
[  45% ] [90m[1mreimport[22m | 11-THE-LOVERS-back.png[39m[0m
[  45% ] [90m[1mreimport[22m | 11-THE-LOVERS-front.png[39m[0m
[  45% ] [90m[1mreimport[22m | 12-THE-DEVIL-back.png[39m[0m
[  45% ] [90m[1mreimport[22m | 12-THE-DEVIL-front.png[39m[0m
[  45% ] [90m[1mreimport[22m | 13-FIVE-OF-WANDS-back.png[39m[0m
[  46% ] [90m[1mreimport[22m | 13-FIVE-OF-WANDS-front.png[39m[0m
[  46% ] [90m[1mreimport[22m | 14-DEATH-back.png[39m[0m
[  46% ] [90m[1mreimport[22m | 14-DEATH-front.png[39m[0m
[  46% ] [90m[1mreimport[22m | 15-THE-MOON-back.png[39m[0m
[  46% ] [90m[1mreimport[22m | 15-THE-MOON-front.png[39m[0m
[  46% ] [90m[1mreimport[22m | 16-THE-HANGED-MAN-back.png[39m[0m
[  46% ] [90m[1mreimport[22m | 16-THE-HANGED-MAN-back.png[39m[0m
[  46% ] [90m[1mreimport[22m | 16-THE-HANGED-MAN-back.png[39m[0m
[  46% ] [90m[1mreimport[22m | 16-THE-HANGED-MAN-back.png[39m[0m
[  46% ] [90m[1mreimport[22m | 16-THE-HANGED-MAN-front.png[39m[0m
[  46% ] [90m[1mreimport[22m | 16-THE-HANGED-MAN-front.png[39m[0m
[  46% ] [90m[1mreimport[22m | 16-THE-HANGED-MAN-front.png[39m[0m
[  46% ] [90m[1mreimport[22m | 16-THE-HANGED-MAN-front.png[39m[0m
[  46% ] [90m[1mreimport[22m | 17-JUDGEMENT-back.png[39m[0m
[  46% ] [90m[1mreimport[22m | 17-JUDGEMENT-front.png[39m[0m
[  46% ] [90m[1mreimport[22m | 18-HIGH-PRIESTESS-back.png[39m[0m
[  46% ] [90m[1mreimport[22m | 18-HIGH-PRIESTESS-back.png[39m[0m
[  46% ] [90m[1mreimport[22m | 18-HIGH-PRIESTESS-back.png[39m[0m
[  46% ] [90m[1mreimport[22m | 18-HIGH-PRIESTESS-back.png[39m[0m
[  46% ] [90m[1mreimport[22m | 18-HIGH-PRIESTESS-back.png[39m[0m
[  46% ] [90m[1mreimport[22m | 18-HIGH-PRIESTESS-front.png[39m[0m
[  46% ] [90m[1mreimport[22m | 18-HIGH-PRIESTESS-front.png[39m[0m
[  46% ] [90m[1mreimport[22m | 18-HIGH-PRIESTESS-front.png[39m[0m
[  46% ] [90m[1mreimport[22m | 18-HIGH-PRIESTESS-front.png[39m[0m
[  46% ] [90m[1mreimport[22m | 18-HIGH-PRIESTESS-front.png[39m[0m
[  46% ] [90m[1mreimport[22m | 18-HIGH-PRIESTESS-front.png[39m[0m
[  47% ] [90m[1mreimport[22m | candle-v2.png[39m[0m
[  47% ] [90m[1mreimport[22m | watercolor_11_0.jpg[39m[0m
[  47% ] [90m[1mreimport[22m | watercolor_12_0.jpg[39m[0m
[  47% ] [90m[1mreimport[22m | letter-office-front.jpg[39m[0m
[  47% ] [90m[1mreimport[22m | lookout-terrace.jpg[39m[0m
[  47% ] [90m[1mreimport[22m | lookout_approach.png[39m[0m
[  47% ] [90m[1mreimport[22m | morning-lemon-stall.jpg[39m[0m
[  47% ] [90m[1mreimport[22m | restaurant-afternoon.jpg[39m[0m
[  47% ] [90m[1mreimport[22m | station-bench.jpg[39m[0m
[  47% ] [90m[1mreimport[22m | station-bench.jpg[39m[0m
[  47% ] [90m[1mreimport[22m | original-rags-0.png[39m[0m
[  47% ] [90m[1mreimport[22m | original-rags-0.png[39m[0m
[  47% ] [90m[1mreimport[22m | original-rags-1.png[39m[0m
[  47% ] [90m[1mreimport[22m | original-rags-1.png[39m[0m
[  47% ] [90m[1mreimport[22m | original-rags-1.png[39m[0m
[  48% ] [90m[1mreimport[22m | original-rags-2.png[39m[0m
[  48% ] [90m[1mreimport[22m | original-rags-2.png[39m[0m
[  48% ] [90m[1mreimport[22m | original-rags-3.png[39m[0m
[  48% ] [90m[1mreimport[22m | painted-papers.png[39m[0m
[  48% ] [90m[1mreimport[22m | desk-light-wood.png[39m[0m
[  48% ] [90m[1mreimport[22m | desk-wood.png[39m[0m
[  48% ] [90m[1mreimport[22m | background.jpg[39m[0m
[  48% ] [90m[1mreimport[22m | crying.svg[39m[0m
[  48% ] [90m[1mreimport[22m | icon.svg[39m[0m
[  48% ] [90m[1mreimport[22m | knife.svg[39m[0m
[  48% ] [90m[1mreimport[22m | market-painted.png[39m[0m
[  48% ] [90m[1mreimport[22m | moustache.svg[39m[0m
[  49% ] [90m[1mreimport[22m | pig.svg[39m[0m
[  49% ] [90m[1mreimport[22m | smile.svg[39m[0m
[  49% ] [90m[1mreimport[22m | table.svg[39m[0m
[  49% ] [90m[1mreimport[22m | preview.png[39m[0m
[  49% ] [90m[1mreimport[22m | 01-TEMPERANCE-back.png[39m[0m
[  49% ] [90m[1mreimport[22m | 01-TEMPERANCE-front.png[39m[0m
[  49% ] [90m[1mreimport[22m | 02-THE-EMPEROR-back.png[39m[0m
[  49% ] [90m[1mreimport[22m | 02-THE-EMPEROR-front.png[39m[0m
[  49% ] [90m[1mreimport[22m | 03-WHEEL-OF-FORTUNE-back.png[39m[0m
[  49% ] [90m[1mreimport[22m | 03-WHEEL-OF-FORTUNE-front.png[39m[0m
[  49% ] [90m[1mreimport[22m | ketchup.png[39m[0m
[  50% ] [90m[1mreimport[22m | mushroom.png[39m[0m
[  50% ] [90m[1mreimport[22m | mustard.png[39m[0m
[  50% ] [90m[1mreimport[22m | oil.png[39m[0m
[  50% ] [90m[1mreimport[22m | pepper.png[39m[0m
[  50% ] [90m[1mreimport[22m | resignation_letter.png[39m[0m
[  50% ] [90m[1mreimport[22m | salt.png[39m[0m
[  50% ] [90m[1mreimport[22m | soap.png[39m[0m
[  50% ] [90m[1mreimport[22m | soap_smooth.png[39m[0m
[  50% ] [90m[1mreimport[22m | sock.png[39m[0m
[  50% ] [90m[1mreimport[22m | sponge.png[39m[0m
[  50% ] [90m[1mreimport[22m | tennis_ball.png[39m[0m
[  51% ] [90m[1mreimport[22m | toilet_paper.png[39m[0m
[  51% ] [90m[1mreimport[22m | toothpaste.png[39m[0m
[  51% ] [90m[1mreimport[22m | yarn_ball.png[39m[0m
[  51% ] [90m[1mreimport[22m | ivory_fibers.png[39m[0m
[  51% ] [90m[1mreimport[22m | alarm_clock.png[39m[0m
[  51% ] [90m[1mreimport[22m | apple.png[39m[0m
[  51% ] [90m[1mreimport[22m | banana.png[39m[0m
[  51% ] [90m[1mreimport[22m | baseball_bat.png[39m[0m
[  51% ] [90m[1mreimport[22m | bean_sprout.png[39m[0m
[  51% ] [90m[1mreimport[22m | beef.png[39m[0m
[  51% ] [90m[1mreimport[22m | bell_pepper_brown.png[39m[0m
[  52% ] [90m[1mreimport[22m | bell_pepper_gold.png[39m[0m
[  52% ] [90m[1mreimport[22m | bell_pepper_green.png[39m[0m
[  52% ] [90m[1mreimport[22m | bell_pepper_lavender.png[39m[0m
[  52% ] [90m[1mreimport[22m | bell_pepper_orange.png[39m[0m
[  52% ] [90m[1mreimport[22m | bell_pepper_purple.png[39m[0m
[  52% ] [90m[1mreimport[22m | bell_pepper_white.png[39m[0m
[  52% ] [90m[1mreimport[22m | bell_pepper_yellow.png[39m[0m
[  52% ] [90m[1mreimport[22m | bitter_melon.png[39m[0m
[  52% ] [90m[1mreimport[22m | curtains-v2.png[39m[0m
[  52% ] [90m[1mreimport[22m | room-backdrop-v2.png[39m[0m
[  52% ] [90m[1mreimport[22m | speech-bubble-v2.png[39m[0m
[  53% ] [90m[1mreimport[22m | tabletop-v2.png[39m[0m
[  53% ] [90m[1mreimport[22m | tarot-reader-original.png[39m[0m
[  53% ] [90m[1mreimport[22m | common-back-reference.jpg[39m[0m
[  53% ] [90m[1mreimport[22m | tablecloth.jpg[39m[0m
[  53% ] [90m[1mreimport[22m | lookout_coast_night.png[39m[0m
[  53% ] [90m[1mreimport[22m | lookout_platform_supplied.jpg[39m[0m
[  53% ] [90m[1mreimport[22m | lookout_screen_supplied.jpg[39m[0m
[  53% ] [90m[1mreimport[22m | observatory_placeholder.svg[39m[0m
[  53% ] [90m[1mreimport[22m | observatory_scene.jpg[39m[0m
[  53% ] [90m[1mreimport[22m | observatory_scene_hd.png[39m[0m
[  53% ] [90m[1mreimport[22m | photo_placeholder.svg[39m[0m
[  54% ] [90m[1mreimport[22m | casa.jpg[39m[0m
[  54% ] [90m[1mreimport[22m | crab.jpg[39m[0m
[  54% ] [90m[1mreimport[22m | cygnus_loop.jpg[39m[0m
[  54% ] [90m[1mreimport[22m | eta_carinae.jpg[39m[0m
[  54% ] [90m[1mreimport[22m | orion.jpg[39m[0m
[  54% ] [90m[1mreimport[22m | pillars.jpg[39m[0m
[  54% ] [90m[1mreimport[22m | 01_seaside.jpg[39m[0m
[  54% ] [90m[1mreimport[22m | 02_night_towers.jpg[39m[0m
[  54% ] [90m[1mreimport[22m | counter_patch.png[39m[0m
[  54% ] [90m[1mreimport[22m | flat_interiors.png[39m[0m
[  54% ] [90m[1mreimport[22m | pantry_interiors.png[39m[0m
[  55% ] [90m[1mreimport[22m | roots.png[39m[0m
[  55% ] [90m[1mreimport[22m | vegetables.png[39m[0m
[  55% ] [90m[1mreimport[22m | tomato.png[39m[0m
[  55% ] [90m[1mreimport[22m | alarm_clock.png[39m[0m
[  55% ] [90m[1mreimport[22m | confetti.png[39m[0m
[  55% ] [90m[1mreimport[22m | dentures.png[39m[0m
[  55% ] [90m[1mreimport[22m | eraser.png[39m[0m
[  55% ] [90m[1mreimport[22m | basket.png[39m[0m
[  55% ] [90m[1mreimport[22m | blue_stamp.png[39m[0m
[  55% ] [90m[1mreimport[22m | bread.png[39m[0m
[  55% ] [90m[1mreimport[22m | cheese.png[39m[0m
[  56% ] [90m[1mreimport[22m | crates.png[39m[0m
[  56% ] [90m[1mreimport[22m | crooked_cup.png[39m[0m
[  56% ] [90m[1mreimport[22m | fishing_sea.jpg[39m[0m
[  56% ] [90m[1mreimport[22m | float.png[39m[0m
[  56% ] [90m[1mreimport[22m | herbs.png[39m[0m
[  56% ] [90m[1mreimport[22m | hotel_307_tag.png[39m[0m
[  56% ] [90m[1mreimport[22m | lemon.png[39m[0m
[  56% ] [90m[1mreimport[22m | matches.png[39m[0m
[  56% ] [90m[1mreimport[22m | misprint_postcard.png[39m[0m
[  56% ] [90m[1mreimport[22m | photo_mat.png[39m[0m
[  56% ] [90m[1mreimport[22m | receipt.png[39m[0m
[  57% ] [90m[1mreimport[22m | recipe_book.png[39m[0m
[  57% ] [90m[1mreimport[22m | rod.png[39m[0m
[  57% ] [90m[1mreimport[22m | rod_clean.png[39m[0m
[  57% ] [90m[1mreimport[22m | sardine.png[39m[0m
[  57% ] [90m[1mreimport[22m | sea_beans.png[39m[0m
[  57% ] [90m[1mreimport[22m | sea_bream.png[39m[0m
[  57% ] [90m[1mreimport[22m | shelf.png[39m[0m
[  57% ] [90m[1mreimport[22m | soap.png[39m[0m
[  57% ] [90m[1mreimport[22m | star_salt.png[39m[0m
[  57% ] [90m[1mreimport[22m | tackle_mat.png[39m[0m
[  57% ] [90m[1mreimport[22m | tag.png[39m[0m
[  58% ] [90m[1mreimport[22m | tape_workstation.png[39m[0m
[  58% ] [90m[1mreimport[22m | ticket_bundle.png[39m[0m
[  58% ] [90m[1mreimport[22m | tomato.png[39m[0m
[  58% ] [90m[1mreimport[22m | 77.jpg[39m[0m
[  58% ] [90m[1mreimport[22m | 78.jpg[39m[0m
[  58% ] [90m[1mreimport[22m | 79.jpg[39m[0m
[  58% ] [90m[1mreimport[22m | 80.jpg[39m[0m
[  58% ] [90m[1mreimport[22m | 81.jpg[39m[0m
[  58% ] [90m[1mreimport[22m | 82.jpg[39m[0m
[  58% ] [90m[1mreimport[22m | 83.jpg[39m[0m
[  58% ] [90m[1mreimport[22m | 84.jpg[39m[0m
[  59% ] [90m[1mreimport[22m | 85.jpg[39m[0m
[  59% ] [90m[1mreimport[22m | 86.jpg[39m[0m
[  59% ] [90m[1mreimport[22m | 87.jpg[39m[0m
[  59% ] [90m[1mreimport[22m | 88.jpg[39m[0m
[  59% ] [90m[1mreimport[22m | 89.jpg[39m[0m
[  59% ] [90m[1mreimport[22m | 90.jpg[39m[0m
[  59% ] [90m[1mreimport[22m | 91.jpg[39m[0m
[  59% ] [90m[1mreimport[22m | 92.jpg[39m[0m
[  59% ] [90m[1mreimport[22m | 93.jpg[39m[0m
[  59% ] [90m[1mreimport[22m | 94.jpg[39m[0m
[  60% ] [90m[1mreimport[22m | 95.jpg[39m[0m
[  60% ] [90m[1mreimport[22m | 96.jpg[39m[0m
[  60% ] [90m[1mreimport[22m | 97.jpg[39m[0m
[  60% ] [90m[1mreimport[22m | 98.jpg[39m[0m
[  60% ] [90m[1mreimport[22m | 99.jpg[39m[0m
[  60% ] [90m[1mreimport[22m | coast_dusk.png[39m[0m
[  60% ] [90m[1mreimport[22m | coast_night.png[39m[0m
[  60% ] [90m[1mreimport[22m | coast_rain.png[39m[0m
[  60% ] [90m[1mreimport[22m | card.png[39m[0m
[  60% ] [90m[1mreimport[22m | panel.png[39m[0m
[  60% ] [90m[1mreimport[22m | archive_sheet.png[39m[0m
[  61% ] [90m[1mreimport[22m | sponge.png[39m[0m
[  61% ] [90m[1mreimport[22m | tennis_ball.png[39m[0m
[  61% ] [90m[1mreimport[22m | tissue_box_closed.png[39m[0m
[  61% ] [90m[1mreimport[22m | tissue_box_open.png[39m[0m
[  61% ] [90m[1mreimport[22m | toilet_roll.png[39m[0m
[  61% ] [90m[1mreimport[22m | toothpaste.png[39m[0m
[  61% ] [90m[1mreimport[22m | wasabi.png[39m[0m
[  61% ] [90m[1mreimport[22m | yarn_ball.png[39m[0m
[  61% ] [90m[1mreimport[22m | zucchini.png[39m[0m
[  61% ] [90m[1mreimport[22m | arrows-expand.png[39m[0m
[  61% ] [90m[1mreimport[22m | bell.png[39m[0m
[  62% ] [90m[1mreimport[22m | camera.png[39m[0m
[  62% ] [90m[1mreimport[22m | check-mark.png[39m[0m
[  62% ] [90m[1mreimport[22m | close-x.png[39m[0m
[  62% ] [90m[1mreimport[22m | cloud.png[39m[0m
[  62% ] [90m[1mreimport[22m | coffee.png[39m[0m
[  62% ] [90m[1mreimport[22m | coin.png[39m[0m
[  62% ] [90m[1mreimport[22m | fire.png[39m[0m
[  62% ] [90m[1mreimport[22m | footprint.png[39m[0m
[  62% ] [90m[1mreimport[22m | home.png[39m[0m
[  62% ] [90m[1mreimport[22m | image-square.png[39m[0m
[  62% ] [90m[1mreimport[22m | inbox.png[39m[0m
[  63% ] [90m[1mreimport[22m | info-round.png[39m[0m
[  63% ] [90m[1mreimport[22m | left-arrow.png[39m[0m
[  63% ] [90m[1mreimport[22m | map1.png[39m[0m
[  63% ] [90m[1mreimport[22m | map-marker.png[39m[0m
[  63% ] [90m[1mreimport[22m | moon.png[39m[0m
[  63% ] [90m[1mreimport[22m | padlock-locked.png[39m[0m
[  63% ] [90m[1mreimport[22m | paper.png[39m[0m
[  63% ] [90m[1mreimport[22m | tote.png[39m[0m
[  63% ] [90m[1mreimport[22m | wayfinding_sign.png[39m[0m
[  63% ] [90m[1mreimport[22m | window_frame.png[39m[0m
[  63% ] [90m[1mreimport[22m | worktop.png[39m[0m
[  64% ] [90m[1mreimport[22m | enamel_pan.png[39m[0m
[  64% ] [90m[1mreimport[22m | prepared_common_atlas.png[39m[0m
[  64% ] [90m[1mreimport[22m | prepared_peppers_atlas.png[39m[0m
[  64% ] [90m[1mreimport[22m | alarm_clock.png[39m[0m
[  64% ] [90m[1mreimport[22m | beet.png[39m[0m
[  64% ] [90m[1mreimport[22m | bell_pepper_bronze.png[39m[0m
[  64% ] [90m[1mreimport[22m | bell_pepper_dark.png[39m[0m
[  64% ] [90m[1mreimport[22m | bell_pepper_green.png[39m[0m
[  64% ] [90m[1mreimport[22m | bell_pepper_orange.png[39m[0m
[  64% ] [90m[1mreimport[22m | bell_pepper_purple.png[39m[0m
[  64% ] [90m[1mreimport[22m | bell_pepper_red.png[39m[0m
[  65% ] [90m[1mreimport[22m | bell_pepper_white.png[39m[0m
[  65% ] [90m[1mreimport[22m | bell_pepper_yellow.png[39m[0m
[  65% ] [90m[1mreimport[22m | carrot.png[39m[0m
[  65% ] [90m[1mreimport[22m | confetti.png[39m[0m
[  65% ] [90m[1mreimport[22m | cooking_oil.png[39m[0m
[  65% ] [90m[1mreimport[22m | dentures.png[39m[0m
[  65% ] [90m[1mreimport[22m | eggplant.png[39m[0m
[  65% ] [90m[1mreimport[22m | eraser.png[39m[0m
[  65% ] [90m[1mreimport[22m | ketchup.png[39m[0m
[  65% ] [90m[1mreimport[22m | mushrooms.png[39m[0m
[  65% ] [90m[1mreimport[22m | pepper_grinder.png[39m[0m
[  66% ] [90m[1mreimport[22m | potato.png[39m[0m
[  66% ] [90m[1mreimport[22m | resignation_letter.png[39m[0m
[  66% ] [90m[1mreimport[22m | salt_shaker.png[39m[0m
[  66% ] [90m[1mreimport[22m | sock.png[39m[0m
[  66% ] [90m[1mreimport[22m | cassette-tape.svg[39m[0m
[  66% ] [90m[1mreimport[22m | map-pin.svg[39m[0m
[  66% ] [90m[1mreimport[22m | mic.svg[39m[0m
[  66% ] [90m[1mreimport[22m | play.svg[39m[0m
[  66% ] [90m[1mreimport[22m | scissors.svg[39m[0m
[  66% ] [90m[1mreimport[22m | character-direction-warm-v2.png[39m[0m
[  66% ] [90m[1mreimport[22m | character-direction.png[39m[0m
[  67% ] [90m[1mreimport[22m | town-direction-warm-v2.png[39m[0m
[  67% ] [90m[1mreimport[22m | town-direction.png[39m[0m
[  67% ] [90m[1mreimport[22m | town-props-warm-concept-v2.png[39m[0m
[  67% ] [90m[1mreimport[22m | workbench-direction-warm-v2.png[39m[0m
[  67% ] [90m[1mreimport[22m | workbench-direction.png[39m[0m
[  67% ] [90m[1mreimport[22m | 01.jpg[39m[0m
[  67% ] [90m[1mreimport[22m | 02.jpg[39m[0m
[  67% ] [90m[1mreimport[22m | 03.jpg[39m[0m
[  67% ] [90m[1mreimport[22m | 04.jpg[39m[0m
[  67% ] [90m[1mreimport[22m | 05.jpg[39m[0m
[  67% ] [90m[1mreimport[22m | 06.jpg[39m[0m
[  68% ] [90m[1mreimport[22m | 07.jpg[39m[0m
[  68% ] [90m[1mreimport[22m | 08.jpg[39m[0m
[  68% ] [90m[1mreimport[22m | 09.jpg[39m[0m
[  68% ] [90m[1mreimport[22m | 10.jpg[39m[0m
[  68% ] [90m[1mreimport[22m | 11.jpg[39m[0m
[  68% ] [90m[1mreimport[22m | 12.jpg[39m[0m
[  68% ] [90m[1mreimport[22m | 13.jpg[39m[0m
[  68% ] [90m[1mreimport[22m | 14.jpg[39m[0m
[  68% ] [90m[1mreimport[22m | 15.jpg[39m[0m
[  68% ] [90m[1mreimport[22m | 16.jpg[39m[0m
[  68% ] [90m[1mreimport[22m | 17.jpg[39m[0m
[  69% ] [90m[1mreimport[22m | user_reference.jpg[39m[0m
[  69% ] [90m[1mreimport[22m | step_00.png[39m[0m
[  69% ] [90m[1mreimport[22m | step_00_colored.png[39m[0m
[  69% ] [90m[1mreimport[22m | step_01.png[39m[0m
[  69% ] [90m[1mreimport[22m | step_01_colored.png[39m[0m
[  69% ] [90m[1mreimport[22m | step_02.png[39m[0m
[  69% ] [90m[1mreimport[22m | step_02_colored.png[39m[0m
[  69% ] [90m[1mreimport[22m | step_03.png[39m[0m
[  69% ] [90m[1mreimport[22m | step_03_colored.png[39m[0m
[  69% ] [90m[1mreimport[22m | library_letter_revision_v01.png[39m[0m
[  69% ] [90m[1mreimport[22m | night_market_restaurant_shift_v01.png[39m[0m
[  70% ] [90m[1mreimport[22m | old_station_long_evening_v01.png[39m[0m
[  70% ] [90m[1mreimport[22m | print_shop_morning_v01.png[39m[0m
[  70% ] [90m[1mreimport[22m | record_store_rain_session_v01.png[39m[0m
[  70% ] [90m[1mreimport[22m | A1.svg[39m[0m
[  70% ] [90m[1mreimport[22m | A2.svg[39m[0m
[  70% ] [90m[1mreimport[22m | A3.svg[39m[0m
[  70% ] [90m[1mreimport[22m | A4.svg[39m[0m
[  70% ] [90m[1mreimport[22m | A5.svg[39m[0m
[  70% ] [90m[1mreimport[22m | A6.svg[39m[0m
[  70% ] [90m[1mreimport[22m | A7.svg[39m[0m
[  70% ] [90m[1mreimport[22m | B1.svg[39m[0m
[  71% ] [90m[1mreimport[22m | B2.svg[39m[0m
[  71% ] [90m[1mreimport[22m | B3.svg[39m[0m
[  71% ] [90m[1mreimport[22m | B4.svg[39m[0m
[  71% ] [90m[1mreimport[22m | B5.svg[39m[0m
[  71% ] [90m[1mreimport[22m | B6.svg[39m[0m
[  71% ] [90m[1mreimport[22m | B7.svg[39m[0m
[  71% ] [90m[1mreimport[22m | audio-lines.svg[39m[0m
[  71% ] [90m[1mreimport[22m | 48.jpg[39m[0m
[  71% ] [90m[1mreimport[22m | 49.jpg[39m[0m
[  71% ] [90m[1mreimport[22m | 50.jpg[39m[0m
[  71% ] [90m[1mreimport[22m | 51.jpg[39m[0m
[  72% ] [90m[1mreimport[22m | 52.jpg[39m[0m
[  72% ] [90m[1mreimport[22m | 53.jpg[39m[0m
[  72% ] [90m[1mreimport[22m | 54.jpg[39m[0m
[  72% ] [90m[1mreimport[22m | 55.jpg[39m[0m
[  72% ] [90m[1mreimport[22m | 56.jpg[39m[0m
[  72% ] [90m[1mreimport[22m | 57.jpg[39m[0m
[  72% ] [90m[1mreimport[22m | 58.jpg[39m[0m
[  72% ] [90m[1mreimport[22m | 59.jpg[39m[0m
[  72% ] [90m[1mreimport[22m | 60.jpg[39m[0m
[  72% ] [90m[1mreimport[22m | 61.jpg[39m[0m
[  72% ] [90m[1mreimport[22m | 62.jpg[39m[0m
[  73% ] [90m[1mreimport[22m | 63.jpg[39m[0m
[  73% ] [90m[1mreimport[22m | 64.jpg[39m[0m
[  73% ] [90m[1mreimport[22m | 65.jpg[39m[0m
[  73% ] [90m[1mreimport[22m | 66.jpg[39m[0m
[  73% ] [90m[1mreimport[22m | 67.jpg[39m[0m
[  73% ] [90m[1mreimport[22m | 68.jpg[39m[0m
[  73% ] [90m[1mreimport[22m | 69.jpg[39m[0m
[  73% ] [90m[1mreimport[22m | 70.jpg[39m[0m
[  73% ] [90m[1mreimport[22m | 71.jpg[39m[0m
[  73% ] [90m[1mreimport[22m | 72.jpg[39m[0m
[  73% ] [90m[1mreimport[22m | 73.jpg[39m[0m
[  74% ] [90m[1mreimport[22m | 74.jpg[39m[0m
[  74% ] [90m[1mreimport[22m | 75.jpg[39m[0m
[  74% ] [90m[1mreimport[22m | 76.jpg[39m[0m
[  74% ] [90m[1mreimport[22m | 18.jpg[39m[0m
[  74% ] [90m[1mreimport[22m | 19.jpg[39m[0m
[  74% ] [90m[1mreimport[22m | 20.jpg[39m[0m
[  74% ] [90m[1mreimport[22m | 21.jpg[39m[0m
[  74% ] [90m[1mreimport[22m | 22.jpg[39m[0m
[  74% ] [90m[1mreimport[22m | 23.jpg[39m[0m
[  74% ] [90m[1mreimport[22m | 24.jpg[39m[0m
[  74% ] [90m[1mreimport[22m | 25.jpg[39m[0m
[  75% ] [90m[1mreimport[22m | 26.jpg[39m[0m
[  75% ] [90m[1mreimport[22m | 27.jpg[39m[0m
[  75% ] [90m[1mreimport[22m | 28.jpg[39m[0m
[  75% ] [90m[1mreimport[22m | 29.jpg[39m[0m
[  75% ] [90m[1mreimport[22m | 30.jpg[39m[0m
[  75% ] [90m[1mreimport[22m | 31.jpg[39m[0m
[  75% ] [90m[1mreimport[22m | 32.jpg[39m[0m
[  75% ] [90m[1mreimport[22m | 33.jpg[39m[0m
[  75% ] [90m[1mreimport[22m | 34.jpg[39m[0m
[  75% ] [90m[1mreimport[22m | 35.jpg[39m[0m
[  75% ] [90m[1mreimport[22m | 36.jpg[39m[0m
[  76% ] [90m[1mreimport[22m | 37.jpg[39m[0m
[  76% ] [90m[1mreimport[22m | 38.jpg[39m[0m
[  76% ] [90m[1mreimport[22m | 39.jpg[39m[0m
[  76% ] [90m[1mreimport[22m | 40.jpg[39m[0m
[  76% ] [90m[1mreimport[22m | 41.jpg[39m[0m
[  76% ] [90m[1mreimport[22m | 42.jpg[39m[0m
[  76% ] [90m[1mreimport[22m | 43.jpg[39m[0m
[  76% ] [90m[1mreimport[22m | 44.jpg[39m[0m
[  76% ] [90m[1mreimport[22m | 45.jpg[39m[0m
[  76% ] [90m[1mreimport[22m | 46.jpg[39m[0m
[  76% ] [90m[1mreimport[22m | 47.jpg[39m[0m
[  77% ] [90m[1mreimport[22m | 10-b-handwritten-agenda.png[39m[0m
[  77% ] [90m[1mreimport[22m | 12-checkout.png[39m[0m
[  77% ] [90m[1mreimport[22m | 15-record-shop.png[39m[0m
[  77% ] [90m[1mreimport[22m | 16-b-sound-materials.png[39m[0m
[  77% ] [90m[1mreimport[22m | photo-after-shutter.png[39m[0m
[  77% ] [90m[1mreimport[22m | photo-album.png[39m[0m
[  77% ] [90m[1mreimport[22m | photo-cartoon-album-full.png[39m[0m
[  77% ] [90m[1mreimport[22m | photo-cartoon-viewfinder.png[39m[0m
[  77% ] [90m[1mreimport[22m | photo-edit-white-border.png[39m[0m
[  77% ] [90m[1mreimport[22m | photo-pan-down.png[39m[0m
[  77% ] [90m[1mreimport[22m | photo-pan-up.png[39m[0m
[  78% ] [90m[1mreimport[22m | cafe.png[39m[0m
[  78% ] [90m[1mreimport[22m | handcraft_shop.png[39m[0m
[  78% ] [90m[1mreimport[22m | produce_stall.png[39m[0m
[  78% ] [90m[1mreimport[22m | 01-welcome.png[39m[0m
[  78% ] [90m[1mreimport[22m | 02-fan.png[39m[0m
[  78% ] [90m[1mreimport[22m | restored-coastal-hud.png[39m[0m
[  78% ] [90m[1mreimport[22m | produce_stall-checkout.png[39m[0m
[  78% ] [90m[1mreimport[22m | night-settled.png[39m[0m
[  78% ] [90m[1mreimport[22m | grocery-receipt.png[39m[0m
[  78% ] [90m[1mreimport[22m | grocery-dialogue.png[39m[0m
[  78% ] [90m[1mreimport[22m | grocery-checkout.png[39m[0m
[  79% ] [90m[1mreimport[22m | cooking-open.png[39m[0m
[  79% ] [90m[1mreimport[22m | blue-hour.png[39m[0m
[  79% ] [90m[1mreimport[22m | after-time-cost.png[39m[0m
[  79% ] [90m[1mreimport[22m | 10-choose-1280.png[39m[0m
[  79% ] [90m[1mreimport[22m | 09-welcome-1280.png[39m[0m
[  79% ] [90m[1mreimport[22m | 08-complete-layout.png[39m[0m
[  79% ] [90m[1mreimport[22m | 07-truth.png[39m[0m
[  79% ] [90m[1mreimport[22m | 06-sort.png[39m[0m
[  79% ] [90m[1mreimport[22m | 05-choose.png[39m[0m
[  79% ] [90m[1mreimport[22m | 04-guide.png[39m[0m
[  80% ] [90m[1mreimport[22m | 03-question.png[39m[0m
[  80% ] [90m[1mreimport[22m | patch_voice_argument.png[39m[0m
[  80% ] [90m[1mreimport[22m | patch_voice_maya.png[39m[0m
[  80% ] [90m[1mreimport[22m | patch_voice_vendor.png[39m[0m
[  80% ] [90m[1mreimport[22m | qa_A6.png[39m[0m
[  80% ] [90m[1mreimport[22m | qa_B3.png[39m[0m
[  80% ] [90m[1mreimport[22m | qa_desk_A.png[39m[0m
[  80% ] [90m[1mreimport[22m | qa_desk_B.png[39m[0m
[  80% ] [90m[1mreimport[22m | qa_notes.png[39m[0m
[  80% ] [90m[1mreimport[22m | v2_A0.png[39m[0m
[  80% ] [90m[1mreimport[22m | v2_A6.png[39m[0m
[  81% ] [90m[1mreimport[22m | v2_B0.png[39m[0m
[  81% ] [90m[1mreimport[22m | v2_B3.png[39m[0m
[  81% ] [90m[1mreimport[22m | v2_B4.png[39m[0m
[  81% ] [90m[1mreimport[22m | v2_debug.png[39m[0m
[  81% ] [90m[1mreimport[22m | v2_dialogue.png[39m[0m
[  81% ] [90m[1mreimport[22m | v2_intro_white.png[39m[0m
[  81% ] [90m[1mreimport[22m | 08-live-recording.png[39m[0m
[  81% ] [90m[1mreimport[22m | 07-settings.png[39m[0m
[  81% ] [90m[1mreimport[22m | 05-map.png[39m[0m
[  81% ] [90m[1mreimport[22m | clock-ready.png[39m[0m
[  81% ] [90m[1mreimport[22m | clock-completed.png[39m[0m
[  82% ] [90m[1mreimport[22m | screen-position.png[39m[0m
[  82% ] [90m[1mreimport[22m | screen-position-right.png[39m[0m
[  82% ] [90m[1mreimport[22m | prototype.png[39m[0m
[  82% ] [90m[1mreimport[22m | night.png[39m[0m
[  82% ] [90m[1mreimport[22m | extension.png[39m[0m
[  82% ] [90m[1mreimport[22m | day.png[39m[0m
[  82% ] [90m[1mreimport[22m | video_cover_start_fading.png[39m[0m
[  82% ] [90m[1mreimport[22m | video_cover_ready.png[39m[0m
[  82% ] [90m[1mreimport[22m | video_cover_navigation.png[39m[0m
[  82% ] [90m[1mreimport[22m | video_cover_before_start.png[39m[0m
[  82% ] [90m[1mreimport[22m | v2_readable.png[39m[0m
[  83% ] [90m[1mreimport[22m | v2_marginalia.png[39m[0m
[  83% ] [90m[1mreimport[22m | record-owner.png[39m[0m
[  83% ] [90m[1mreimport[22m | room-A.png[39m[0m
[  83% ] [90m[1mreimport[22m | room-B.png[39m[0m
[  83% ] [90m[1mreimport[22m | after-camera.png[39m[0m
[  83% ] [90m[1mreimport[22m | after-collage_materials.png[39m[0m
[  83% ] [90m[1mreimport[22m | after-dossier.png[39m[0m
[  83% ] [90m[1mreimport[22m | after-fish_journal.png[39m[0m
[  83% ] [90m[1mreimport[22m | after-household.png[39m[0m
[  83% ] [90m[1mreimport[22m | after-menu.png[39m[0m
[  83% ] [90m[1mreimport[22m | after-notebook.png[39m[0m
[  84% ] [90m[1mreimport[22m | after-recipe_editor.png[39m[0m
[  84% ] [90m[1mreimport[22m | after-sound_library_saved.png[39m[0m
[  84% ] [90m[1mreimport[22m | after-studio.png[39m[0m
[  84% ] [90m[1mreimport[22m | after-studio_recorder.png[39m[0m
[  84% ] [90m[1mreimport[22m | after-tarot_table.png[39m[0m
[  84% ] [90m[1mreimport[22m | after-tarot_table.png[39m[0m
[  84% ] [90m[1mreimport[22m | after-tarot_table.png[39m[0m
[  84% ] [90m[1mreimport[22m | before-dossier.png[39m[0m
[  84% ] [90m[1mreimport[22m | final_dialogue.png[39m[0m
[  84% ] [90m[1mreimport[22m | final_day7.png[39m[0m
[  84% ] [90m[1mreimport[22m | final_chapters.png[39m[0m
[  84% ] [90m[1mreimport[22m | final_camera.png[39m[0m
[  84% ] [90m[1mreimport[22m | final_camera.png[39m[0m
[  84% ] [90m[1mreimport[22m | 07_record_library_shelf_v2.png[39m[0m
[  85% ] [90m[1mreimport[22m | 07_record_library_shelf.png[39m[0m
[  85% ] [90m[1mreimport[22m | 07_record_library_shelf.png[39m[0m
[  85% ] [90m[1mreimport[22m | 06_portable_recorder_gameplay.png[39m[0m
[  85% ] [90m[1mreimport[22m | 05_record_pressing_ritual.png[39m[0m
[  85% ] [90m[1mreimport[22m | 04_visual_mode_abstract.png[39m[0m
[  85% ] [90m[1mreimport[22m | 03_studio_four_track_ui.png[39m[0m
[  85% ] [90m[1mreimport[22m | 02_camera_grammar_triptych.png[39m[0m
[  85% ] [90m[1mreimport[22m | 01_dialogue_record_shop.png[39m[0m
[  85% ] [90m[1mreimport[22m | before-studio_recorder.png[39m[0m
[  85% ] [90m[1mreimport[22m | before-studio.png[39m[0m
[  85% ] [90m[1mreimport[22m | before-recipe_editor.png[39m[0m
[  85% ] [90m[1mreimport[22m | before-notebook.png[39m[0m
[  86% ] [90m[1mreimport[22m | before-menu.png[39m[0m
[  86% ] [90m[1mreimport[22m | restored-home-B.png[39m[0m
[  86% ] [90m[1mreimport[22m | restored-residents-2.png[39m[0m
[  86% ] [90m[1mreimport[22m | start-work-confirmation.png[39m[0m
[  86% ] [90m[1mreimport[22m | sunset-start.png[39m[0m
[  86% ] [90m[1mreimport[22m | people.png[39m[0m
[  86% ] [90m[1mreimport[22m | plan.png[39m[0m
[  86% ] [90m[1mreimport[22m | today.png[39m[0m
[  86% ] [90m[1mreimport[22m | work.png[39m[0m
[  86% ] [90m[1mreimport[22m | pause-cassette.png[39m[0m
[  86% ] [90m[1mreimport[22m | restaurant-list.png[39m[0m
[  87% ] [90m[1mreimport[22m | restaurant-ready.png[39m[0m
[  87% ] [90m[1mreimport[22m | restaurant-small.png[39m[0m
[  87% ] [90m[1mreimport[22m | settings-cassette.png[39m[0m
[  87% ] [90m[1mreimport[22m | street-hud.png[39m[0m
[  87% ] [90m[1mreimport[22m | home-day.png[39m[0m
[  87% ] [90m[1mreimport[22m | home-night.png[39m[0m
[  87% ] [90m[1mreimport[22m | record-conversation.png[39m[0m
[  87% ] [90m[1mreimport[22m | home-B.png[39m[0m
[  87% ] [90m[1mreimport[22m | home-A.png[39m[0m
[  87% ] [90m[1mreimport[22m | street-night.png[39m[0m
